Json Log,Receive Time,Resource labels container group name,Resource labels container group version,Resource labels instance id,Resource labels machine id,Resource labels organization id,Resource labels organization name,Resource labels project name,Resource type,Severity,Text Log,Time
,"2/14/2026, 12:25:52 AM",mandelbrot,1,0c77d976-9b24-4753-baae-2d33d0fc7839,8707d2d4-4ce6-c55f-b3a0-f3d52e4e57dd,ad3b2c71-b667-4537-9e7d-a82889921718,old-stock-consulting,old-stock-consulting-project,container,default,ModuleNotFoundError: No module named 'mandelbrot',"2/14/2026, 12:25:52 AM"
,"2/14/2026, 12:25:52 AM",mandelbrot,1,0c77d976-9b24-4753-baae-2d33d0fc7839,8707d2d4-4ce6-c55f-b3a0-f3d52e4e57dd,ad3b2c71-b667-4537-9e7d-a82889921718,old-stock-consulting,old-stock-consulting-project,container,default,╰──────────────────────────────────────────────────────────────────────────────╯,"2/14/2026, 12:25:52 AM"
,"2/14/2026, 12:25:52 AM",mandelbrot,1,0c77d976-9b24-4753-baae-2d33d0fc7839,8707d2d4-4ce6-c55f-b3a0-f3d52e4e57dd,ad3b2c71-b667-4537-9e7d-a82889921718,old-stock-consulting,old-stock-consulting-project,container,default,│     7 from fastapi.responses import RedirectResponse                         │,"2/14/2026, 12:25:52 AM"
,"2/14/2026, 12:25:52 AM",mandelbrot,1,0c77d976-9b24-4753-baae-2d33d0fc7839,8707d2d4-4ce6-c55f-b3a0-f3d52e4e57dd,ad3b2c71-b667-4537-9e7d-a82889921718,old-stock-consulting,old-stock-consulting-project,container,default,"│     6 from fastapi import FastAPI, status                                    │","2/14/2026, 12:25:52 AM"
,"2/14/2026, 12:25:52 AM",mandelbrot,1,0c77d976-9b24-4753-baae-2d33d0fc7839,8707d2d4-4ce6-c55f-b3a0-f3d52e4e57dd,ad3b2c71-b667-4537-9e7d-a82889921718,old-stock-consulting,old-stock-consulting-project,container,default,│     5 import uvicorn                                                         │,"2/14/2026, 12:25:52 AM"
,"2/14/2026, 12:25:52 AM",mandelbrot,1,0c77d976-9b24-4753-baae-2d33d0fc7839,8707d2d4-4ce6-c55f-b3a0-f3d52e4e57dd,ad3b2c71-b667-4537-9e7d-a82889921718,old-stock-consulting,old-stock-consulting-project,container,default,│ ❱   4 import mandelbrot                                                      │,"2/14/2026, 12:25:52 AM"
,"2/14/2026, 12:25:52 AM",mandelbrot,1,0c77d976-9b24-4753-baae-2d33d0fc7839,8707d2d4-4ce6-c55f-b3a0-f3d52e4e57dd,ad3b2c71-b667-4537-9e7d-a82889921718,old-stock-consulting,old-stock-consulting-project,container,default,│     3 import logging                                                         │,"2/14/2026, 12:25:52 AM"
,"2/14/2026, 12:25:52 AM",mandelbrot,1,0c77d976-9b24-4753-baae-2d33d0fc7839,8707d2d4-4ce6-c55f-b3a0-f3d52e4e57dd,ad3b2c71-b667-4537-9e7d-a82889921718,old-stock-consulting,old-stock-consulting-project,container,default,│     2 import base64                                                          │,"2/14/2026, 12:25:52 AM"
,"2/14/2026, 12:25:52 AM",mandelbrot,1,0c77d976-9b24-4753-baae-2d33d0fc7839,8707d2d4-4ce6-c55f-b3a0-f3d52e4e57dd,ad3b2c71-b667-4537-9e7d-a82889921718,old-stock-consulting,old-stock-consulting-project,container,default,│     1 import asyncio                                                         │,"2/14/2026, 12:25:52 AM"
,"2/14/2026, 12:25:52 AM",mandelbrot,1,0c77d976-9b24-4753-baae-2d33d0fc7839,8707d2d4-4ce6-c55f-b3a0-f3d52e4e57dd,ad3b2c71-b667-4537-9e7d-a82889921718,old-stock-consulting,old-stock-consulting-project,container,default,│                                                                              │,"2/14/2026, 12:25:52 AM"
,"2/14/2026, 12:25:52 AM",mandelbrot,1,0c77d976-9b24-4753-baae-2d33d0fc7839,8707d2d4-4ce6-c55f-b3a0-f3d52e4e57dd,ad3b2c71-b667-4537-9e7d-a82889921718,old-stock-consulting,old-stock-consulting-project,container,default,│ /app/main.py:4 in <module>                                                   │,"2/14/2026, 12:25:52 AM"
,"2/14/2026, 12:25:52 AM",mandelbrot,1,0c77d976-9b24-4753-baae-2d33d0fc7839,8707d2d4-4ce6-c55f-b3a0-f3d52e4e57dd,ad3b2c71-b667-4537-9e7d-a82889921718,old-stock-consulting,old-stock-consulting-project,container,default,│                                                                              │,"2/14/2026, 12:25:52 AM"
,"2/14/2026, 12:25:52 AM",mandelbrot,1,0c77d976-9b24-4753-baae-2d33d0fc7839,8707d2d4-4ce6-c55f-b3a0-f3d52e4e57dd,ad3b2c71-b667-4537-9e7d-a82889921718,old-stock-consulting,old-stock-consulting-project,container,default,│ in _call_with_frames_removed:488                                             │,"2/14/2026, 12:25:52 AM"
,"2/14/2026, 12:25:52 AM",mandelbrot,1,0c77d976-9b24-4753-baae-2d33d0fc7839,8707d2d4-4ce6-c55f-b3a0-f3d52e4e57dd,ad3b2c71-b667-4537-9e7d-a82889921718,old-stock-consulting,old-stock-consulting-project,container,default,│ in exec_module:1026                                                          │,"2/14/2026, 12:25:52 AM"
,"2/14/2026, 12:25:52 AM",mandelbrot,1,0c77d976-9b24-4753-baae-2d33d0fc7839,8707d2d4-4ce6-c55f-b3a0-f3d52e4e57dd,ad3b2c71-b667-4537-9e7d-a82889921718,old-stock-consulting,old-stock-consulting-project,container,default,│ in _load_unlocked:935                                                        │,"2/14/2026, 12:25:52 AM"
,"2/14/2026, 12:25:52 AM",mandelbrot,1,0c77d976-9b24-4753-baae-2d33d0fc7839,8707d2d4-4ce6-c55f-b3a0-f3d52e4e57dd,ad3b2c71-b667-4537-9e7d-a82889921718,old-stock-consulting,old-stock-consulting-project,container,default,│ in _find_and_load_unlocked:1331                                              │,"2/14/2026, 12:25:52 AM"
,"2/14/2026, 12:25:52 AM",mandelbrot,1,0c77d976-9b24-4753-baae-2d33d0fc7839,8707d2d4-4ce6-c55f-b3a0-f3d52e4e57dd,ad3b2c71-b667-4537-9e7d-a82889921718,old-stock-consulting,old-stock-consulting-project,container,default,│ in _find_and_load:1360                                                       │,"2/14/2026, 12:25:52 AM"
,"2/14/2026, 12:25:52 AM",mandelbrot,1,0c77d976-9b24-4753-baae-2d33d0fc7839,8707d2d4-4ce6-c55f-b3a0-f3d52e4e57dd,ad3b2c71-b667-4537-9e7d-a82889921718,old-stock-consulting,old-stock-consulting-project,container,default,│ in _gcd_import:1387                                                          │,"2/14/2026, 12:25:52 AM"
,"2/14/2026, 12:25:52 AM",mandelbrot,1,0c77d976-9b24-4753-baae-2d33d0fc7839,8707d2d4-4ce6-c55f-b3a0-f3d52e4e57dd,ad3b2c71-b667-4537-9e7d-a82889921718,old-stock-consulting,old-stock-consulting-project,container,default,│    91 _RELOADING = {}                                                        │,"2/14/2026, 12:25:52 AM"
,"2/14/2026, 12:25:52 AM",mandelbrot,1,0c77d976-9b24-4753-baae-2d33d0fc7839,8707d2d4-4ce6-c55f-b3a0-f3d52e4e57dd,ad3b2c71-b667-4537-9e7d-a82889921718,old-stock-consulting,old-stock-consulting-project,container,default,│    90                                                                        │,"2/14/2026, 12:25:52 AM"
,"2/14/2026, 12:25:52 AM",mandelbrot,1,0c77d976-9b24-4753-baae-2d33d0fc7839,8707d2d4-4ce6-c55f-b3a0-f3d52e4e57dd,ad3b2c71-b667-4537-9e7d-a82889921718,old-stock-consulting,old-stock-consulting-project,container,default,│    89                                                                        │,"2/14/2026, 12:25:52 AM"
,"2/14/2026, 12:25:52 AM",mandelbrot,1,0c77d976-9b24-4753-baae-2d33d0fc7839,8707d2d4-4ce6-c55f-b3a0-f3d52e4e57dd,ad3b2c71-b667-4537-9e7d-a82889921718,old-stock-consulting,old-stock-consulting-project,container,default,"│ ❱  88 │   return _bootstrap._gcd_import(name[level:], package, level)        │","2/14/2026, 12:25:52 AM"
,"2/14/2026, 12:25:52 AM",mandelbrot,1,0c77d976-9b24-4753-baae-2d33d0fc7839,8707d2d4-4ce6-c55f-b3a0-f3d52e4e57dd,ad3b2c71-b667-4537-9e7d-a82889921718,old-stock-consulting,old-stock-consulting-project,container,default,│    87 │   │   │   level += 1                                                 │,"2/14/2026, 12:25:52 AM"
,"2/14/2026, 12:25:52 AM",mandelbrot,1,0c77d976-9b24-4753-baae-2d33d0fc7839,8707d2d4-4ce6-c55f-b3a0-f3d52e4e57dd,ad3b2c71-b667-4537-9e7d-a82889921718,old-stock-consulting,old-stock-consulting-project,container,default,│    86 │   │   │   │   break                                                  │,"2/14/2026, 12:25:52 AM"
,"2/14/2026, 12:25:52 AM",mandelbrot,1,0c77d976-9b24-4753-baae-2d33d0fc7839,8707d2d4-4ce6-c55f-b3a0-f3d52e4e57dd,ad3b2c71-b667-4537-9e7d-a82889921718,old-stock-consulting,old-stock-consulting-project,container,default,│    85 │   │   │   if character != '.':                                       │,"2/14/2026, 12:25:52 AM"
,"2/14/2026, 12:25:52 AM",mandelbrot,1,0c77d976-9b24-4753-baae-2d33d0fc7839,8707d2d4-4ce6-c55f-b3a0-f3d52e4e57dd,ad3b2c71-b667-4537-9e7d-a82889921718,old-stock-consulting,old-stock-consulting-project,container,default,│                                                                              │,"2/14/2026, 12:25:52 AM"
,"2/14/2026, 12:25:52 AM",mandelbrot,1,0c77d976-9b24-4753-baae-2d33d0fc7839,8707d2d4-4ce6-c55f-b3a0-f3d52e4e57dd,ad3b2c71-b667-4537-9e7d-a82889921718,old-stock-consulting,old-stock-consulting-project,container,default,│ /usr/local/lib/python3.13/importlib/__init__.py:88 in import_module          │,"2/14/2026, 12:25:52 AM"
,"2/14/2026, 12:25:52 AM",mandelbrot,1,0c77d976-9b24-4753-baae-2d33d0fc7839,8707d2d4-4ce6-c55f-b3a0-f3d52e4e57dd,ad3b2c71-b667-4537-9e7d-a82889921718,old-stock-consulting,old-stock-consulting-project,container,default,│                                                                              │,"2/14/2026, 12:25:52 AM"
,"2/14/2026, 12:25:52 AM",mandelbrot,1,0c77d976-9b24-4753-baae-2d33d0fc7839,8707d2d4-4ce6-c55f-b3a0-f3d52e4e57dd,ad3b2c71-b667-4537-9e7d-a82889921718,old-stock-consulting,old-stock-consulting-project,container,default,│    73 │   │   logger.warning(                                                │,"2/14/2026, 12:25:52 AM"
,"2/14/2026, 12:25:52 AM",mandelbrot,1,0c77d976-9b24-4753-baae-2d33d0fc7839,8707d2d4-4ce6-c55f-b3a0-f3d52e4e57dd,ad3b2c71-b667-4537-9e7d-a82889921718,old-stock-consulting,old-stock-consulting-project,container,default,"│    72 │   │   logger.error(f""Import error: {e}"")                             │","2/14/2026, 12:25:52 AM"
,"2/14/2026, 12:25:52 AM",mandelbrot,1,0c77d976-9b24-4753-baae-2d33d0fc7839,8707d2d4-4ce6-c55f-b3a0-f3d52e4e57dd,ad3b2c71-b667-4537-9e7d-a82889921718,old-stock-consulting,old-stock-consulting-project,container,default,"│    71 │   except (ImportError, ValueError) as e:                             │","2/14/2026, 12:25:52 AM"
,"2/14/2026, 12:25:52 AM",mandelbrot,1,0c77d976-9b24-4753-baae-2d33d0fc7839,8707d2d4-4ce6-c55f-b3a0-f3d52e4e57dd,ad3b2c71-b667-4537-9e7d-a82889921718,old-stock-consulting,old-stock-consulting-project,container,default,│ ❱  70 │   │   mod = importlib.import_module(mod_data.module_import_str)      │,"2/14/2026, 12:25:52 AM"
,"2/14/2026, 12:25:52 AM",mandelbrot,1,0c77d976-9b24-4753-baae-2d33d0fc7839,8707d2d4-4ce6-c55f-b3a0-f3d52e4e57dd,ad3b2c71-b667-4537-9e7d-a82889921718,old-stock-consulting,old-stock-consulting-project,container,default,│    69 │   try:                                                               │,"2/14/2026, 12:25:52 AM"
,"2/14/2026, 12:25:52 AM",mandelbrot,1,0c77d976-9b24-4753-baae-2d33d0fc7839,8707d2d4-4ce6-c55f-b3a0-f3d52e4e57dd,ad3b2c71-b667-4537-9e7d-a82889921718,old-stock-consulting,old-stock-consulting-project,container,default,"│    68 def get_app_name(*, mod_data: ModuleData, app_name: Union[str, None] = │","2/14/2026, 12:25:52 AM"
,"2/14/2026, 12:25:52 AM",mandelbrot,1,0c77d976-9b24-4753-baae-2d33d0fc7839,8707d2d4-4ce6-c55f-b3a0-f3d52e4e57dd,ad3b2c71-b667-4537-9e7d-a82889921718,old-stock-consulting,old-stock-consulting-project,container,default,│    67                                                                        │,"2/14/2026, 12:25:52 AM"
,"2/14/2026, 12:25:52 AM",mandelbrot,1,0c77d976-9b24-4753-baae-2d33d0fc7839,8707d2d4-4ce6-c55f-b3a0-f3d52e4e57dd,ad3b2c71-b667-4537-9e7d-a82889921718,old-stock-consulting,old-stock-consulting-project,container,default,│                                                                              │,"2/14/2026, 12:25:52 AM"
,"2/14/2026, 12:25:52 AM",mandelbrot,1,0c77d976-9b24-4753-baae-2d33d0fc7839,8707d2d4-4ce6-c55f-b3a0-f3d52e4e57dd,ad3b2c71-b667-4537-9e7d-a82889921718,old-stock-consulting,old-stock-consulting-project,container,default,│ get_app_name                                                                 │,"2/14/2026, 12:25:52 AM"
,"2/14/2026, 12:25:52 AM",mandelbrot,1,0c77d976-9b24-4753-baae-2d33d0fc7839,8707d2d4-4ce6-c55f-b3a0-f3d52e4e57dd,ad3b2c71-b667-4537-9e7d-a82889921718,old-stock-consulting,old-stock-consulting-project,container,default,│ /usr/local/lib/python3.13/site-packages/fastapi_cli/discover.py:70 in        │,"2/14/2026, 12:25:52 AM"
,"2/14/2026, 12:25:52 AM",mandelbrot,1,0c77d976-9b24-4753-baae-2d33d0fc7839,8707d2d4-4ce6-c55f-b3a0-f3d52e4e57dd,ad3b2c71-b667-4537-9e7d-a82889921718,old-stock-consulting,old-stock-consulting-project,container,default,│                                                                              │,"2/14/2026, 12:25:52 AM"
,"2/14/2026, 12:25:52 AM",mandelbrot,1,0c77d976-9b24-4753-baae-2d33d0fc7839,8707d2d4-4ce6-c55f-b3a0-f3d52e4e57dd,ad3b2c71-b667-4537-9e7d-a82889921718,old-stock-consulting,old-stock-consulting-project,container,default,│   129                                                                        │,"2/14/2026, 12:25:52 AM"
,"2/14/2026, 12:25:52 AM",mandelbrot,1,0c77d976-9b24-4753-baae-2d33d0fc7839,8707d2d4-4ce6-c55f-b3a0-f3d52e4e57dd,ad3b2c71-b667-4537-9e7d-a82889921718,old-stock-consulting,old-stock-consulting-project,container,default,"│   128 │   import_string = f""{mod_data.module_import_str}:{use_app_name}""     │","2/14/2026, 12:25:52 AM"
,"2/14/2026, 12:25:52 AM",mandelbrot,1,0c77d976-9b24-4753-baae-2d33d0fc7839,8707d2d4-4ce6-c55f-b3a0-f3d52e4e57dd,ad3b2c71-b667-4537-9e7d-a82889921718,old-stock-consulting,old-stock-consulting-project,container,default,│   127 │                                                                      │,"2/14/2026, 12:25:52 AM"
,"2/14/2026, 12:25:52 AM",mandelbrot,1,0c77d976-9b24-4753-baae-2d33d0fc7839,8707d2d4-4ce6-c55f-b3a0-f3d52e4e57dd,ad3b2c71-b667-4537-9e7d-a82889921718,old-stock-consulting,old-stock-consulting-project,container,default,"│ ❱ 126 │   use_app_name = get_app_name(mod_data=mod_data, app_name=app_name)  │","2/14/2026, 12:25:52 AM"
,"2/14/2026, 12:25:52 AM",mandelbrot,1,0c77d976-9b24-4753-baae-2d33d0fc7839,8707d2d4-4ce6-c55f-b3a0-f3d52e4e57dd,ad3b2c71-b667-4537-9e7d-a82889921718,old-stock-consulting,old-stock-consulting-project,container,default,"│   125 │   sys.path.insert(0, str(mod_data.extra_sys_path))                   │","2/14/2026, 12:25:52 AM"
,"2/14/2026, 12:25:52 AM",mandelbrot,1,0c77d976-9b24-4753-baae-2d33d0fc7839,8707d2d4-4ce6-c55f-b3a0-f3d52e4e57dd,ad3b2c71-b667-4537-9e7d-a82889921718,old-stock-consulting,old-stock-consulting-project,container,default,│   124 │   mod_data = get_module_data_from_path(path)                         │,"2/14/2026, 12:25:52 AM"
,"2/14/2026, 12:25:52 AM",mandelbrot,1,0c77d976-9b24-4753-baae-2d33d0fc7839,8707d2d4-4ce6-c55f-b3a0-f3d52e4e57dd,ad3b2c71-b667-4537-9e7d-a82889921718,old-stock-consulting,old-stock-consulting-project,container,default,"│   123 │   │   raise FastAPICLIException(f""Path does not exist {path}"")       │","2/14/2026, 12:25:52 AM"
,"2/14/2026, 12:25:52 AM",mandelbrot,1,0c77d976-9b24-4753-baae-2d33d0fc7839,8707d2d4-4ce6-c55f-b3a0-f3d52e4e57dd,ad3b2c71-b667-4537-9e7d-a82889921718,old-stock-consulting,old-stock-consulting-project,container,default,│                                                                              │,"2/14/2026, 12:25:52 AM"
,"2/14/2026, 12:25:52 AM",mandelbrot,1,0c77d976-9b24-4753-baae-2d33d0fc7839,8707d2d4-4ce6-c55f-b3a0-f3d52e4e57dd,ad3b2c71-b667-4537-9e7d-a82889921718,old-stock-consulting,old-stock-consulting-project,container,default,│ get_import_data                                                              │,"2/14/2026, 12:25:52 AM"
,"2/14/2026, 12:25:52 AM",mandelbrot,1,0c77d976-9b24-4753-baae-2d33d0fc7839,8707d2d4-4ce6-c55f-b3a0-f3d52e4e57dd,ad3b2c71-b667-4537-9e7d-a82889921718,old-stock-consulting,old-stock-consulting-project,container,default,│ /usr/local/lib/python3.13/site-packages/fastapi_cli/discover.py:126 in       │,"2/14/2026, 12:25:52 AM"
,"2/14/2026, 12:25:52 AM",mandelbrot,1,0c77d976-9b24-4753-baae-2d33d0fc7839,8707d2d4-4ce6-c55f-b3a0-f3d52e4e57dd,ad3b2c71-b667-4537-9e7d-a82889921718,old-stock-consulting,old-stock-consulting-project,container,default,│                                                                              │,"2/14/2026, 12:25:52 AM"
,"2/14/2026, 12:25:52 AM",mandelbrot,1,0c77d976-9b24-4753-baae-2d33d0fc7839,8707d2d4-4ce6-c55f-b3a0-f3d52e4e57dd,ad3b2c71-b667-4537-9e7d-a82889921718,old-stock-consulting,old-stock-consulting-project,container,default,│   155 │   │   │   else:                                                      │,"2/14/2026, 12:25:52 AM"
,"2/14/2026, 12:25:52 AM",mandelbrot,1,0c77d976-9b24-4753-baae-2d33d0fc7839,8707d2d4-4ce6-c55f-b3a0-f3d52e4e57dd,ad3b2c71-b667-4537-9e7d-a82889921718,old-stock-consulting,old-stock-consulting-project,container,default,│   154 │   │   │   │   import_data = get_import_data_from_import_string(confi │,"2/14/2026, 12:25:52 AM"
,"2/14/2026, 12:25:52 AM",mandelbrot,1,0c77d976-9b24-4753-baae-2d33d0fc7839,8707d2d4-4ce6-c55f-b3a0-f3d52e4e57dd,ad3b2c71-b667-4537-9e7d-a82889921718,old-stock-consulting,old-stock-consulting-project,container,default,│   153 │   │   │   elif config.entrypoint:                                    │,"2/14/2026, 12:25:52 AM"
,"2/14/2026, 12:25:52 AM",mandelbrot,1,0c77d976-9b24-4753-baae-2d33d0fc7839,8707d2d4-4ce6-c55f-b3a0-f3d52e4e57dd,ad3b2c71-b667-4537-9e7d-a82889921718,old-stock-consulting,old-stock-consulting-project,container,default,"│ ❱ 152 │   │   │   │   import_data = get_import_data(path=path, app_name=app) │","2/14/2026, 12:25:52 AM"
,"2/14/2026, 12:25:52 AM",mandelbrot,1,0c77d976-9b24-4753-baae-2d33d0fc7839,8707d2d4-4ce6-c55f-b3a0-f3d52e4e57dd,ad3b2c71-b667-4537-9e7d-a82889921718,old-stock-consulting,old-stock-consulting-project,container,default,│   151 │   │   │   if path or app:                                            │,"2/14/2026, 12:25:52 AM"
,"2/14/2026, 12:25:52 AM",mandelbrot,1,0c77d976-9b24-4753-baae-2d33d0fc7839,8707d2d4-4ce6-c55f-b3a0-f3d52e4e57dd,ad3b2c71-b667-4537-9e7d-a82889921718,old-stock-consulting,old-stock-consulting-project,container,default,│   150 │   │   │   # Resolve import data with priority: CLI path/app > config │,"2/14/2026, 12:25:52 AM"
,"2/14/2026, 12:25:52 AM",mandelbrot,1,0c77d976-9b24-4753-baae-2d33d0fc7839,8707d2d4-4ce6-c55f-b3a0-f3d52e4e57dd,ad3b2c71-b667-4537-9e7d-a82889921718,old-stock-consulting,old-stock-consulting-project,container,default,│   149 │   │   try:                                                           │,"2/14/2026, 12:25:52 AM"
,"2/14/2026, 12:25:52 AM",mandelbrot,1,0c77d976-9b24-4753-baae-2d33d0fc7839,8707d2d4-4ce6-c55f-b3a0-f3d52e4e57dd,ad3b2c71-b667-4537-9e7d-a82889921718,old-stock-consulting,old-stock-consulting-project,container,default,│                                                                              │,"2/14/2026, 12:25:52 AM"
,"2/14/2026, 12:25:52 AM",mandelbrot,1,0c77d976-9b24-4753-baae-2d33d0fc7839,8707d2d4-4ce6-c55f-b3a0-f3d52e4e57dd,ad3b2c71-b667-4537-9e7d-a82889921718,old-stock-consulting,old-stock-consulting-project,container,default,│ /usr/local/lib/python3.13/site-packages/fastapi_cli/cli.py:152 in _run       │,"2/14/2026, 12:25:52 AM"
,"2/14/2026, 12:25:52 AM",mandelbrot,1,0c77d976-9b24-4753-baae-2d33d0fc7839,8707d2d4-4ce6-c55f-b3a0-f3d52e4e57dd,ad3b2c71-b667-4537-9e7d-a82889921718,old-stock-consulting,old-stock-consulting-project,container,default,│                                                                              │,"2/14/2026, 12:25:52 AM"
,"2/14/2026, 12:25:52 AM",mandelbrot,1,0c77d976-9b24-4753-baae-2d33d0fc7839,8707d2d4-4ce6-c55f-b3a0-f3d52e4e57dd,ad3b2c71-b667-4537-9e7d-a82889921718,old-stock-consulting,old-stock-consulting-project,container,default,"│   438 │   │   port=port,                                                     │","2/14/2026, 12:25:52 AM"
,"2/14/2026, 12:25:52 AM",mandelbrot,1,0c77d976-9b24-4753-baae-2d33d0fc7839,8707d2d4-4ce6-c55f-b3a0-f3d52e4e57dd,ad3b2c71-b667-4537-9e7d-a82889921718,old-stock-consulting,old-stock-consulting-project,container,default,"│   437 │   │   host=host,                                                     │","2/14/2026, 12:25:52 AM"
,"2/14/2026, 12:25:52 AM",mandelbrot,1,0c77d976-9b24-4753-baae-2d33d0fc7839,8707d2d4-4ce6-c55f-b3a0-f3d52e4e57dd,ad3b2c71-b667-4537-9e7d-a82889921718,old-stock-consulting,old-stock-consulting-project,container,default,"│   436 │   │   path=path,                                                     │","2/14/2026, 12:25:52 AM"
,"2/14/2026, 12:25:52 AM",mandelbrot,1,0c77d976-9b24-4753-baae-2d33d0fc7839,8707d2d4-4ce6-c55f-b3a0-f3d52e4e57dd,ad3b2c71-b667-4537-9e7d-a82889921718,old-stock-consulting,old-stock-consulting-project,container,default,│ ❱ 435 │   _run(                                                              │,"2/14/2026, 12:25:52 AM"
,"2/14/2026, 12:25:52 AM",mandelbrot,1,0c77d976-9b24-4753-baae-2d33d0fc7839,8707d2d4-4ce6-c55f-b3a0-f3d52e4e57dd,ad3b2c71-b667-4537-9e7d-a82889921718,old-stock-consulting,old-stock-consulting-project,container,default,"│   434 │   """"""                                                                │","2/14/2026, 12:25:52 AM"
,"2/14/2026, 12:25:52 AM",mandelbrot,1,0c77d976-9b24-4753-baae-2d33d0fc7839,8707d2d4-4ce6-c55f-b3a0-f3d52e4e57dd,ad3b2c71-b667-4537-9e7d-a82889921718,old-stock-consulting,old-stock-consulting-project,container,default,"│   433 │   Otherwise, it uses the first [bold]FastAPI[/bold] app found in the │","2/14/2026, 12:25:52 AM"
,"2/14/2026, 12:25:52 AM",mandelbrot,1,0c77d976-9b24-4753-baae-2d33d0fc7839,8707d2d4-4ce6-c55f-b3a0-f3d52e4e57dd,ad3b2c71-b667-4537-9e7d-a82889921718,old-stock-consulting,old-stock-consulting-project,container,default,│   432 │                                                                      │,"2/14/2026, 12:25:52 AM"
,"2/14/2026, 12:25:52 AM",mandelbrot,1,0c77d976-9b24-4753-baae-2d33d0fc7839,8707d2d4-4ce6-c55f-b3a0-f3d52e4e57dd,ad3b2c71-b667-4537-9e7d-a82889921718,old-stock-consulting,old-stock-consulting-project,container,default,│                                                                              │,"2/14/2026, 12:25:52 AM"
,"2/14/2026, 12:25:52 AM",mandelbrot,1,0c77d976-9b24-4753-baae-2d33d0fc7839,8707d2d4-4ce6-c55f-b3a0-f3d52e4e57dd,ad3b2c71-b667-4537-9e7d-a82889921718,old-stock-consulting,old-stock-consulting-project,container,default,│ /usr/local/lib/python3.13/site-packages/fastapi_cli/cli.py:435 in run        │,"2/14/2026, 12:25:52 AM"
,"2/14/2026, 12:25:52 AM",mandelbrot,1,0c77d976-9b24-4753-baae-2d33d0fc7839,8707d2d4-4ce6-c55f-b3a0-f3d52e4e57dd,ad3b2c71-b667-4537-9e7d-a82889921718,old-stock-consulting,old-stock-consulting-project,container,default,╭───────────────────── Traceback (most recent call last) ──────────────────────╮,"2/14/2026, 12:25:52 AM"
,"2/14/2026, 12:25:52 AM",mandelbrot,1,0c77d976-9b24-4753-baae-2d33d0fc7839,8707d2d4-4ce6-c55f-b3a0-f3d52e4e57dd,ad3b2c71-b667-4537-9e7d-a82889921718,old-stock-consulting,old-stock-consulting-project,container,default,,"2/14/2026, 12:25:52 AM"
,"2/14/2026, 12:25:52 AM",mandelbrot,1,0c77d976-9b24-4753-baae-2d33d0fc7839,8707d2d4-4ce6-c55f-b3a0-f3d52e4e57dd,ad3b2c71-b667-4537-9e7d-a82889921718,old-stock-consulting,old-stock-consulting-project,container,default,WARNING  Ensure all the package directories have an __init__.py file            ,"2/14/2026, 12:25:52 AM"
,"2/14/2026, 12:25:52 AM",mandelbrot,1,0c77d976-9b24-4753-baae-2d33d0fc7839,8707d2d4-4ce6-c55f-b3a0-f3d52e4e57dd,ad3b2c71-b667-4537-9e7d-a82889921718,old-stock-consulting,old-stock-consulting-project,container,default,ERROR    Import error: No module named 'mandelbrot'                             ,"2/14/2026, 12:25:52 AM"
,"2/14/2026, 12:25:52 AM",mandelbrot,1,0c77d976-9b24-4753-baae-2d33d0fc7839,8707d2d4-4ce6-c55f-b3a0-f3d52e4e57dd,ad3b2c71-b667-4537-9e7d-a82889921718,old-stock-consulting,old-stock-consulting-project,container,default,             __init__.py files                                                  ,"2/14/2026, 12:25:52 AM"
,"2/14/2026, 12:25:52 AM",mandelbrot,1,0c77d976-9b24-4753-baae-2d33d0fc7839,8707d2d4-4ce6-c55f-b3a0-f3d52e4e57dd,ad3b2c71-b667-4537-9e7d-a82889921718,old-stock-consulting,old-stock-consulting-project,container,default,             Searching for package file structure from directories with         ,"2/14/2026, 12:25:52 AM"
,"2/14/2026, 12:25:52 AM",mandelbrot,1,0c77d976-9b24-4753-baae-2d33d0fc7839,8707d2d4-4ce6-c55f-b3a0-f3d52e4e57dd,ad3b2c71-b667-4537-9e7d-a82889921718,old-stock-consulting,old-stock-consulting-project,container,default, ,"2/14/2026, 12:25:52 AM"
,"2/14/2026, 12:25:52 AM",mandelbrot,1,0c77d976-9b24-4753-baae-2d33d0fc7839,8707d2d4-4ce6-c55f-b3a0-f3d52e4e57dd,ad3b2c71-b667-4537-9e7d-a82889921718,old-stock-consulting,old-stock-consulting-project,container,default,   FastAPI   Starting production server 🚀,"2/14/2026, 12:25:52 AM"
,"2/14/2026, 12:25:50 AM",mandelbrot,1,83a48371-e252-437c-9153-a95d3d02314c,9eca039a-9b05-155d-ab7f-84047e513a2b,ad3b2c71-b667-4537-9e7d-a82889921718,old-stock-consulting,old-stock-consulting-project,container,default,ModuleNotFoundError: No module named 'mandelbrot',"2/14/2026, 12:25:49 AM"
,"2/14/2026, 12:25:50 AM",mandelbrot,1,83a48371-e252-437c-9153-a95d3d02314c,9eca039a-9b05-155d-ab7f-84047e513a2b,ad3b2c71-b667-4537-9e7d-a82889921718,old-stock-consulting,old-stock-consulting-project,container,default,╰──────────────────────────────────────────────────────────────────────────────╯,"2/14/2026, 12:25:49 AM"
,"2/14/2026, 12:25:50 AM",mandelbrot,1,83a48371-e252-437c-9153-a95d3d02314c,9eca039a-9b05-155d-ab7f-84047e513a2b,ad3b2c71-b667-4537-9e7d-a82889921718,old-stock-consulting,old-stock-consulting-project,container,default,│     7 from fastapi.responses import RedirectResponse                         │,"2/14/2026, 12:25:49 AM"
,"2/14/2026, 12:25:50 AM",mandelbrot,1,83a48371-e252-437c-9153-a95d3d02314c,9eca039a-9b05-155d-ab7f-84047e513a2b,ad3b2c71-b667-4537-9e7d-a82889921718,old-stock-consulting,old-stock-consulting-project,container,default,"│     6 from fastapi import FastAPI, status                                    │","2/14/2026, 12:25:49 AM"
,"2/14/2026, 12:25:50 AM",mandelbrot,1,83a48371-e252-437c-9153-a95d3d02314c,9eca039a-9b05-155d-ab7f-84047e513a2b,ad3b2c71-b667-4537-9e7d-a82889921718,old-stock-consulting,old-stock-consulting-project,container,default,│     5 import uvicorn                                                         │,"2/14/2026, 12:25:49 AM"
,"2/14/2026, 12:25:50 AM",mandelbrot,1,83a48371-e252-437c-9153-a95d3d02314c,9eca039a-9b05-155d-ab7f-84047e513a2b,ad3b2c71-b667-4537-9e7d-a82889921718,old-stock-consulting,old-stock-consulting-project,container,default,│ ❱   4 import mandelbrot                                                      │,"2/14/2026, 12:25:49 AM"
,"2/14/2026, 12:25:50 AM",mandelbrot,1,83a48371-e252-437c-9153-a95d3d02314c,9eca039a-9b05-155d-ab7f-84047e513a2b,ad3b2c71-b667-4537-9e7d-a82889921718,old-stock-consulting,old-stock-consulting-project,container,default,│     3 import logging                                                         │,"2/14/2026, 12:25:49 AM"
,"2/14/2026, 12:25:50 AM",mandelbrot,1,83a48371-e252-437c-9153-a95d3d02314c,9eca039a-9b05-155d-ab7f-84047e513a2b,ad3b2c71-b667-4537-9e7d-a82889921718,old-stock-consulting,old-stock-consulting-project,container,default,│     2 import base64                                                          │,"2/14/2026, 12:25:49 AM"
,"2/14/2026, 12:25:50 AM",mandelbrot,1,83a48371-e252-437c-9153-a95d3d02314c,9eca039a-9b05-155d-ab7f-84047e513a2b,ad3b2c71-b667-4537-9e7d-a82889921718,old-stock-consulting,old-stock-consulting-project,container,default,│     1 import asyncio                                                         │,"2/14/2026, 12:25:49 AM"
,"2/14/2026, 12:25:50 AM",mandelbrot,1,83a48371-e252-437c-9153-a95d3d02314c,9eca039a-9b05-155d-ab7f-84047e513a2b,ad3b2c71-b667-4537-9e7d-a82889921718,old-stock-consulting,old-stock-consulting-project,container,default,│                                                                              │,"2/14/2026, 12:25:49 AM"
,"2/14/2026, 12:25:50 AM",mandelbrot,1,83a48371-e252-437c-9153-a95d3d02314c,9eca039a-9b05-155d-ab7f-84047e513a2b,ad3b2c71-b667-4537-9e7d-a82889921718,old-stock-consulting,old-stock-consulting-project,container,default,│ /app/main.py:4 in <module>                                                   │,"2/14/2026, 12:25:49 AM"
,"2/14/2026, 12:25:50 AM",mandelbrot,1,83a48371-e252-437c-9153-a95d3d02314c,9eca039a-9b05-155d-ab7f-84047e513a2b,ad3b2c71-b667-4537-9e7d-a82889921718,old-stock-consulting,old-stock-consulting-project,container,default,│                                                                              │,"2/14/2026, 12:25:49 AM"
,"2/14/2026, 12:25:50 AM",mandelbrot,1,83a48371-e252-437c-9153-a95d3d02314c,9eca039a-9b05-155d-ab7f-84047e513a2b,ad3b2c71-b667-4537-9e7d-a82889921718,old-stock-consulting,old-stock-consulting-project,container,default,│ in _call_with_frames_removed:488                                             │,"2/14/2026, 12:25:49 AM"
,"2/14/2026, 12:25:50 AM",mandelbrot,1,83a48371-e252-437c-9153-a95d3d02314c,9eca039a-9b05-155d-ab7f-84047e513a2b,ad3b2c71-b667-4537-9e7d-a82889921718,old-stock-consulting,old-stock-consulting-project,container,default,│ in exec_module:1026                                                          │,"2/14/2026, 12:25:49 AM"
,"2/14/2026, 12:25:50 AM",mandelbrot,1,83a48371-e252-437c-9153-a95d3d02314c,9eca039a-9b05-155d-ab7f-84047e513a2b,ad3b2c71-b667-4537-9e7d-a82889921718,old-stock-consulting,old-stock-consulting-project,container,default,│ in _load_unlocked:935                                                        │,"2/14/2026, 12:25:49 AM"
,"2/14/2026, 12:25:50 AM",mandelbrot,1,83a48371-e252-437c-9153-a95d3d02314c,9eca039a-9b05-155d-ab7f-84047e513a2b,ad3b2c71-b667-4537-9e7d-a82889921718,old-stock-consulting,old-stock-consulting-project,container,default,│ in _find_and_load_unlocked:1331                                              │,"2/14/2026, 12:25:49 AM"
,"2/14/2026, 12:25:50 AM",mandelbrot,1,83a48371-e252-437c-9153-a95d3d02314c,9eca039a-9b05-155d-ab7f-84047e513a2b,ad3b2c71-b667-4537-9e7d-a82889921718,old-stock-consulting,old-stock-consulting-project,container,default,│ in _find_and_load:1360                                                       │,"2/14/2026, 12:25:49 AM"
,"2/14/2026, 12:25:50 AM",mandelbrot,1,83a48371-e252-437c-9153-a95d3d02314c,9eca039a-9b05-155d-ab7f-84047e513a2b,ad3b2c71-b667-4537-9e7d-a82889921718,old-stock-consulting,old-stock-consulting-project,container,default,│ in _gcd_import:1387                                                          │,"2/14/2026, 12:25:49 AM"
,"2/14/2026, 12:25:50 AM",mandelbrot,1,83a48371-e252-437c-9153-a95d3d02314c,9eca039a-9b05-155d-ab7f-84047e513a2b,ad3b2c71-b667-4537-9e7d-a82889921718,old-stock-consulting,old-stock-consulting-project,container,default,│    91 _RELOADING = {}                                                        │,"2/14/2026, 12:25:49 AM"
,"2/14/2026, 12:25:50 AM",mandelbrot,1,83a48371-e252-437c-9153-a95d3d02314c,9eca039a-9b05-155d-ab7f-84047e513a2b,ad3b2c71-b667-4537-9e7d-a82889921718,old-stock-consulting,old-stock-consulting-project,container,default,│    90                                                                        │,"2/14/2026, 12:25:49 AM"
,"2/14/2026, 12:25:50 AM",mandelbrot,1,83a48371-e252-437c-9153-a95d3d02314c,9eca039a-9b05-155d-ab7f-84047e513a2b,ad3b2c71-b667-4537-9e7d-a82889921718,old-stock-consulting,old-stock-consulting-project,container,default,│    89                                                                        │,"2/14/2026, 12:25:49 AM"
,"2/14/2026, 12:25:50 AM",mandelbrot,1,83a48371-e252-437c-9153-a95d3d02314c,9eca039a-9b05-155d-ab7f-84047e513a2b,ad3b2c71-b667-4537-9e7d-a82889921718,old-stock-consulting,old-stock-consulting-project,container,default,"│ ❱  88 │   return _bootstrap._gcd_import(name[level:], package, level)        │","2/14/2026, 12:25:49 AM"
,"2/14/2026, 12:25:50 AM",mandelbrot,1,83a48371-e252-437c-9153-a95d3d02314c,9eca039a-9b05-155d-ab7f-84047e513a2b,ad3b2c71-b667-4537-9e7d-a82889921718,old-stock-consulting,old-stock-consulting-project,container,default,│    87 │   │   │   level += 1                                                 │,"2/14/2026, 12:25:49 AM"
,"2/14/2026, 12:25:50 AM",mandelbrot,1,83a48371-e252-437c-9153-a95d3d02314c,9eca039a-9b05-155d-ab7f-84047e513a2b,ad3b2c71-b667-4537-9e7d-a82889921718,old-stock-consulting,old-stock-consulting-project,container,default,│    86 │   │   │   │   break                                                  │,"2/14/2026, 12:25:49 AM"
,"2/14/2026, 12:25:50 AM",mandelbrot,1,83a48371-e252-437c-9153-a95d3d02314c,9eca039a-9b05-155d-ab7f-84047e513a2b,ad3b2c71-b667-4537-9e7d-a82889921718,old-stock-consulting,old-stock-consulting-project,container,default,│    85 │   │   │   if character != '.':                                       │,"2/14/2026, 12:25:49 AM"
,"2/14/2026, 12:25:50 AM",mandelbrot,1,83a48371-e252-437c-9153-a95d3d02314c,9eca039a-9b05-155d-ab7f-84047e513a2b,ad3b2c71-b667-4537-9e7d-a82889921718,old-stock-consulting,old-stock-consulting-project,container,default,│                                                                              │,"2/14/2026, 12:25:49 AM"
,"2/14/2026, 12:25:50 AM",mandelbrot,1,83a48371-e252-437c-9153-a95d3d02314c,9eca039a-9b05-155d-ab7f-84047e513a2b,ad3b2c71-b667-4537-9e7d-a82889921718,old-stock-consulting,old-stock-consulting-project,container,default,│ /usr/local/lib/python3.13/importlib/__init__.py:88 in import_module          │,"2/14/2026, 12:25:49 AM"
,"2/14/2026, 12:25:50 AM",mandelbrot,1,83a48371-e252-437c-9153-a95d3d02314c,9eca039a-9b05-155d-ab7f-84047e513a2b,ad3b2c71-b667-4537-9e7d-a82889921718,old-stock-consulting,old-stock-consulting-project,container,default,│                                                                              │,"2/14/2026, 12:25:49 AM"
,"2/14/2026, 12:25:50 AM",mandelbrot,1,83a48371-e252-437c-9153-a95d3d02314c,9eca039a-9b05-155d-ab7f-84047e513a2b,ad3b2c71-b667-4537-9e7d-a82889921718,old-stock-consulting,old-stock-consulting-project,container,default,│    73 │   │   logger.warning(                                                │,"2/14/2026, 12:25:49 AM"
,"2/14/2026, 12:25:50 AM",mandelbrot,1,83a48371-e252-437c-9153-a95d3d02314c,9eca039a-9b05-155d-ab7f-84047e513a2b,ad3b2c71-b667-4537-9e7d-a82889921718,old-stock-consulting,old-stock-consulting-project,container,default,"│    72 │   │   logger.error(f""Import error: {e}"")                             │","2/14/2026, 12:25:49 AM"
,"2/14/2026, 12:25:50 AM",mandelbrot,1,83a48371-e252-437c-9153-a95d3d02314c,9eca039a-9b05-155d-ab7f-84047e513a2b,ad3b2c71-b667-4537-9e7d-a82889921718,old-stock-consulting,old-stock-consulting-project,container,default,"│    71 │   except (ImportError, ValueError) as e:                             │","2/14/2026, 12:25:49 AM"
,"2/14/2026, 12:25:50 AM",mandelbrot,1,83a48371-e252-437c-9153-a95d3d02314c,9eca039a-9b05-155d-ab7f-84047e513a2b,ad3b2c71-b667-4537-9e7d-a82889921718,old-stock-consulting,old-stock-consulting-project,container,default,│ ❱  70 │   │   mod = importlib.import_module(mod_data.module_import_str)      │,"2/14/2026, 12:25:49 AM"
,"2/14/2026, 12:25:50 AM",mandelbrot,1,83a48371-e252-437c-9153-a95d3d02314c,9eca039a-9b05-155d-ab7f-84047e513a2b,ad3b2c71-b667-4537-9e7d-a82889921718,old-stock-consulting,old-stock-consulting-project,container,default,│    69 │   try:                                                               │,"2/14/2026, 12:25:49 AM"
,"2/14/2026, 12:25:50 AM",mandelbrot,1,83a48371-e252-437c-9153-a95d3d02314c,9eca039a-9b05-155d-ab7f-84047e513a2b,ad3b2c71-b667-4537-9e7d-a82889921718,old-stock-consulting,old-stock-consulting-project,container,default,"│    68 def get_app_name(*, mod_data: ModuleData, app_name: Union[str, None] = │","2/14/2026, 12:25:49 AM"
,"2/14/2026, 12:25:50 AM",mandelbrot,1,83a48371-e252-437c-9153-a95d3d02314c,9eca039a-9b05-155d-ab7f-84047e513a2b,ad3b2c71-b667-4537-9e7d-a82889921718,old-stock-consulting,old-stock-consulting-project,container,default,│    67                                                                        │,"2/14/2026, 12:25:49 AM"
,"2/14/2026, 12:25:50 AM",mandelbrot,1,83a48371-e252-437c-9153-a95d3d02314c,9eca039a-9b05-155d-ab7f-84047e513a2b,ad3b2c71-b667-4537-9e7d-a82889921718,old-stock-consulting,old-stock-consulting-project,container,default,│                                                                              │,"2/14/2026, 12:25:49 AM"
,"2/14/2026, 12:25:50 AM",mandelbrot,1,83a48371-e252-437c-9153-a95d3d02314c,9eca039a-9b05-155d-ab7f-84047e513a2b,ad3b2c71-b667-4537-9e7d-a82889921718,old-stock-consulting,old-stock-consulting-project,container,default,│ get_app_name                                                                 │,"2/14/2026, 12:25:49 AM"
,"2/14/2026, 12:25:50 AM",mandelbrot,1,83a48371-e252-437c-9153-a95d3d02314c,9eca039a-9b05-155d-ab7f-84047e513a2b,ad3b2c71-b667-4537-9e7d-a82889921718,old-stock-consulting,old-stock-consulting-project,container,default,│ /usr/local/lib/python3.13/site-packages/fastapi_cli/discover.py:70 in        │,"2/14/2026, 12:25:49 AM"
,"2/14/2026, 12:25:50 AM",mandelbrot,1,83a48371-e252-437c-9153-a95d3d02314c,9eca039a-9b05-155d-ab7f-84047e513a2b,ad3b2c71-b667-4537-9e7d-a82889921718,old-stock-consulting,old-stock-consulting-project,container,default,│                                                                              │,"2/14/2026, 12:25:49 AM"
,"2/14/2026, 12:25:50 AM",mandelbrot,1,83a48371-e252-437c-9153-a95d3d02314c,9eca039a-9b05-155d-ab7f-84047e513a2b,ad3b2c71-b667-4537-9e7d-a82889921718,old-stock-consulting,old-stock-consulting-project,container,default,│   129                                                                        │,"2/14/2026, 12:25:49 AM"
,"2/14/2026, 12:25:50 AM",mandelbrot,1,83a48371-e252-437c-9153-a95d3d02314c,9eca039a-9b05-155d-ab7f-84047e513a2b,ad3b2c71-b667-4537-9e7d-a82889921718,old-stock-consulting,old-stock-consulting-project,container,default,"│   128 │   import_string = f""{mod_data.module_import_str}:{use_app_name}""     │","2/14/2026, 12:25:49 AM"
,"2/14/2026, 12:25:50 AM",mandelbrot,1,83a48371-e252-437c-9153-a95d3d02314c,9eca039a-9b05-155d-ab7f-84047e513a2b,ad3b2c71-b667-4537-9e7d-a82889921718,old-stock-consulting,old-stock-consulting-project,container,default,│   127 │                                                                      │,"2/14/2026, 12:25:49 AM"
,"2/14/2026, 12:25:50 AM",mandelbrot,1,83a48371-e252-437c-9153-a95d3d02314c,9eca039a-9b05-155d-ab7f-84047e513a2b,ad3b2c71-b667-4537-9e7d-a82889921718,old-stock-consulting,old-stock-consulting-project,container,default,"│ ❱ 126 │   use_app_name = get_app_name(mod_data=mod_data, app_name=app_name)  │","2/14/2026, 12:25:49 AM"
,"2/14/2026, 12:25:50 AM",mandelbrot,1,83a48371-e252-437c-9153-a95d3d02314c,9eca039a-9b05-155d-ab7f-84047e513a2b,ad3b2c71-b667-4537-9e7d-a82889921718,old-stock-consulting,old-stock-consulting-project,container,default,"│   125 │   sys.path.insert(0, str(mod_data.extra_sys_path))                   │","2/14/2026, 12:25:49 AM"
,"2/14/2026, 12:25:50 AM",mandelbrot,1,83a48371-e252-437c-9153-a95d3d02314c,9eca039a-9b05-155d-ab7f-84047e513a2b,ad3b2c71-b667-4537-9e7d-a82889921718,old-stock-consulting,old-stock-consulting-project,container,default,│   124 │   mod_data = get_module_data_from_path(path)                         │,"2/14/2026, 12:25:49 AM"
,"2/14/2026, 12:25:50 AM",mandelbrot,1,83a48371-e252-437c-9153-a95d3d02314c,9eca039a-9b05-155d-ab7f-84047e513a2b,ad3b2c71-b667-4537-9e7d-a82889921718,old-stock-consulting,old-stock-consulting-project,container,default,"│   123 │   │   raise FastAPICLIException(f""Path does not exist {path}"")       │","2/14/2026, 12:25:49 AM"
,"2/14/2026, 12:25:50 AM",mandelbrot,1,83a48371-e252-437c-9153-a95d3d02314c,9eca039a-9b05-155d-ab7f-84047e513a2b,ad3b2c71-b667-4537-9e7d-a82889921718,old-stock-consulting,old-stock-consulting-project,container,default,│                                                                              │,"2/14/2026, 12:25:49 AM"
,"2/14/2026, 12:25:50 AM",mandelbrot,1,83a48371-e252-437c-9153-a95d3d02314c,9eca039a-9b05-155d-ab7f-84047e513a2b,ad3b2c71-b667-4537-9e7d-a82889921718,old-stock-consulting,old-stock-consulting-project,container,default,│ get_import_data                                                              │,"2/14/2026, 12:25:49 AM"
,"2/14/2026, 12:25:50 AM",mandelbrot,1,83a48371-e252-437c-9153-a95d3d02314c,9eca039a-9b05-155d-ab7f-84047e513a2b,ad3b2c71-b667-4537-9e7d-a82889921718,old-stock-consulting,old-stock-consulting-project,container,default,│ /usr/local/lib/python3.13/site-packages/fastapi_cli/discover.py:126 in       │,"2/14/2026, 12:25:49 AM"
,"2/14/2026, 12:25:50 AM",mandelbrot,1,83a48371-e252-437c-9153-a95d3d02314c,9eca039a-9b05-155d-ab7f-84047e513a2b,ad3b2c71-b667-4537-9e7d-a82889921718,old-stock-consulting,old-stock-consulting-project,container,default,│                                                                              │,"2/14/2026, 12:25:49 AM"
,"2/14/2026, 12:25:50 AM",mandelbrot,1,83a48371-e252-437c-9153-a95d3d02314c,9eca039a-9b05-155d-ab7f-84047e513a2b,ad3b2c71-b667-4537-9e7d-a82889921718,old-stock-consulting,old-stock-consulting-project,container,default,│   155 │   │   │   else:                                                      │,"2/14/2026, 12:25:49 AM"
,"2/14/2026, 12:25:50 AM",mandelbrot,1,83a48371-e252-437c-9153-a95d3d02314c,9eca039a-9b05-155d-ab7f-84047e513a2b,ad3b2c71-b667-4537-9e7d-a82889921718,old-stock-consulting,old-stock-consulting-project,container,default,│   154 │   │   │   │   import_data = get_import_data_from_import_string(confi │,"2/14/2026, 12:25:49 AM"
,"2/14/2026, 12:25:50 AM",mandelbrot,1,83a48371-e252-437c-9153-a95d3d02314c,9eca039a-9b05-155d-ab7f-84047e513a2b,ad3b2c71-b667-4537-9e7d-a82889921718,old-stock-consulting,old-stock-consulting-project,container,default,│   153 │   │   │   elif config.entrypoint:                                    │,"2/14/2026, 12:25:49 AM"
,"2/14/2026, 12:25:50 AM",mandelbrot,1,83a48371-e252-437c-9153-a95d3d02314c,9eca039a-9b05-155d-ab7f-84047e513a2b,ad3b2c71-b667-4537-9e7d-a82889921718,old-stock-consulting,old-stock-consulting-project,container,default,"│ ❱ 152 │   │   │   │   import_data = get_import_data(path=path, app_name=app) │","2/14/2026, 12:25:49 AM"
,"2/14/2026, 12:25:50 AM",mandelbrot,1,83a48371-e252-437c-9153-a95d3d02314c,9eca039a-9b05-155d-ab7f-84047e513a2b,ad3b2c71-b667-4537-9e7d-a82889921718,old-stock-consulting,old-stock-consulting-project,container,default,│   151 │   │   │   if path or app:                                            │,"2/14/2026, 12:25:49 AM"
,"2/14/2026, 12:25:50 AM",mandelbrot,1,83a48371-e252-437c-9153-a95d3d02314c,9eca039a-9b05-155d-ab7f-84047e513a2b,ad3b2c71-b667-4537-9e7d-a82889921718,old-stock-consulting,old-stock-consulting-project,container,default,│   150 │   │   │   # Resolve import data with priority: CLI path/app > config │,"2/14/2026, 12:25:49 AM"
,"2/14/2026, 12:25:50 AM",mandelbrot,1,83a48371-e252-437c-9153-a95d3d02314c,9eca039a-9b05-155d-ab7f-84047e513a2b,ad3b2c71-b667-4537-9e7d-a82889921718,old-stock-consulting,old-stock-consulting-project,container,default,│   149 │   │   try:                                                           │,"2/14/2026, 12:25:49 AM"
,"2/14/2026, 12:25:50 AM",mandelbrot,1,83a48371-e252-437c-9153-a95d3d02314c,9eca039a-9b05-155d-ab7f-84047e513a2b,ad3b2c71-b667-4537-9e7d-a82889921718,old-stock-consulting,old-stock-consulting-project,container,default,│                                                                              │,"2/14/2026, 12:25:49 AM"
,"2/14/2026, 12:25:50 AM",mandelbrot,1,83a48371-e252-437c-9153-a95d3d02314c,9eca039a-9b05-155d-ab7f-84047e513a2b,ad3b2c71-b667-4537-9e7d-a82889921718,old-stock-consulting,old-stock-consulting-project,container,default,│ /usr/local/lib/python3.13/site-packages/fastapi_cli/cli.py:152 in _run       │,"2/14/2026, 12:25:49 AM"
,"2/14/2026, 12:25:50 AM",mandelbrot,1,83a48371-e252-437c-9153-a95d3d02314c,9eca039a-9b05-155d-ab7f-84047e513a2b,ad3b2c71-b667-4537-9e7d-a82889921718,old-stock-consulting,old-stock-consulting-project,container,default,│                                                                              │,"2/14/2026, 12:25:49 AM"
,"2/14/2026, 12:25:50 AM",mandelbrot,1,83a48371-e252-437c-9153-a95d3d02314c,9eca039a-9b05-155d-ab7f-84047e513a2b,ad3b2c71-b667-4537-9e7d-a82889921718,old-stock-consulting,old-stock-consulting-project,container,default,"│   438 │   │   port=port,                                                     │","2/14/2026, 12:25:49 AM"
,"2/14/2026, 12:25:50 AM",mandelbrot,1,83a48371-e252-437c-9153-a95d3d02314c,9eca039a-9b05-155d-ab7f-84047e513a2b,ad3b2c71-b667-4537-9e7d-a82889921718,old-stock-consulting,old-stock-consulting-project,container,default,"│   437 │   │   host=host,                                                     │","2/14/2026, 12:25:49 AM"
,"2/14/2026, 12:25:50 AM",mandelbrot,1,83a48371-e252-437c-9153-a95d3d02314c,9eca039a-9b05-155d-ab7f-84047e513a2b,ad3b2c71-b667-4537-9e7d-a82889921718,old-stock-consulting,old-stock-consulting-project,container,default,"│   436 │   │   path=path,                                                     │","2/14/2026, 12:25:49 AM"
,"2/14/2026, 12:25:50 AM",mandelbrot,1,83a48371-e252-437c-9153-a95d3d02314c,9eca039a-9b05-155d-ab7f-84047e513a2b,ad3b2c71-b667-4537-9e7d-a82889921718,old-stock-consulting,old-stock-consulting-project,container,default,│ ❱ 435 │   _run(                                                              │,"2/14/2026, 12:25:49 AM"
,"2/14/2026, 12:25:50 AM",mandelbrot,1,83a48371-e252-437c-9153-a95d3d02314c,9eca039a-9b05-155d-ab7f-84047e513a2b,ad3b2c71-b667-4537-9e7d-a82889921718,old-stock-consulting,old-stock-consulting-project,container,default,"│   434 │   """"""                                                                │","2/14/2026, 12:25:49 AM"
,"2/14/2026, 12:25:50 AM",mandelbrot,1,83a48371-e252-437c-9153-a95d3d02314c,9eca039a-9b05-155d-ab7f-84047e513a2b,ad3b2c71-b667-4537-9e7d-a82889921718,old-stock-consulting,old-stock-consulting-project,container,default,"│   433 │   Otherwise, it uses the first [bold]FastAPI[/bold] app found in the │","2/14/2026, 12:25:49 AM"
,"2/14/2026, 12:25:50 AM",mandelbrot,1,83a48371-e252-437c-9153-a95d3d02314c,9eca039a-9b05-155d-ab7f-84047e513a2b,ad3b2c71-b667-4537-9e7d-a82889921718,old-stock-consulting,old-stock-consulting-project,container,default,│   432 │                                                                      │,"2/14/2026, 12:25:49 AM"
,"2/14/2026, 12:25:50 AM",mandelbrot,1,83a48371-e252-437c-9153-a95d3d02314c,9eca039a-9b05-155d-ab7f-84047e513a2b,ad3b2c71-b667-4537-9e7d-a82889921718,old-stock-consulting,old-stock-consulting-project,container,default,│                                                                              │,"2/14/2026, 12:25:49 AM"
,"2/14/2026, 12:25:50 AM",mandelbrot,1,83a48371-e252-437c-9153-a95d3d02314c,9eca039a-9b05-155d-ab7f-84047e513a2b,ad3b2c71-b667-4537-9e7d-a82889921718,old-stock-consulting,old-stock-consulting-project,container,default,│ /usr/local/lib/python3.13/site-packages/fastapi_cli/cli.py:435 in run        │,"2/14/2026, 12:25:49 AM"
,"2/14/2026, 12:25:50 AM",mandelbrot,1,83a48371-e252-437c-9153-a95d3d02314c,9eca039a-9b05-155d-ab7f-84047e513a2b,ad3b2c71-b667-4537-9e7d-a82889921718,old-stock-consulting,old-stock-consulting-project,container,default,╭───────────────────── Traceback (most recent call last) ──────────────────────╮,"2/14/2026, 12:25:49 AM"
,"2/14/2026, 12:25:50 AM",mandelbrot,1,83a48371-e252-437c-9153-a95d3d02314c,9eca039a-9b05-155d-ab7f-84047e513a2b,ad3b2c71-b667-4537-9e7d-a82889921718,old-stock-consulting,old-stock-consulting-project,container,default,,"2/14/2026, 12:25:49 AM"
,"2/14/2026, 12:25:50 AM",mandelbrot,1,83a48371-e252-437c-9153-a95d3d02314c,9eca039a-9b05-155d-ab7f-84047e513a2b,ad3b2c71-b667-4537-9e7d-a82889921718,old-stock-consulting,old-stock-consulting-project,container,default,WARNING  Ensure all the package directories have an __init__.py file            ,"2/14/2026, 12:25:49 AM"
,"2/14/2026, 12:25:50 AM",mandelbrot,1,83a48371-e252-437c-9153-a95d3d02314c,9eca039a-9b05-155d-ab7f-84047e513a2b,ad3b2c71-b667-4537-9e7d-a82889921718,old-stock-consulting,old-stock-consulting-project,container,default,ERROR    Import error: No module named 'mandelbrot'                             ,"2/14/2026, 12:25:49 AM"
,"2/14/2026, 12:25:50 AM",mandelbrot,1,83a48371-e252-437c-9153-a95d3d02314c,9eca039a-9b05-155d-ab7f-84047e513a2b,ad3b2c71-b667-4537-9e7d-a82889921718,old-stock-consulting,old-stock-consulting-project,container,default,             __init__.py files                                                  ,"2/14/2026, 12:25:49 AM"
,"2/14/2026, 12:25:50 AM",mandelbrot,1,83a48371-e252-437c-9153-a95d3d02314c,9eca039a-9b05-155d-ab7f-84047e513a2b,ad3b2c71-b667-4537-9e7d-a82889921718,old-stock-consulting,old-stock-consulting-project,container,default,             Searching for package file structure from directories with         ,"2/14/2026, 12:25:49 AM"
,"2/14/2026, 12:25:50 AM",mandelbrot,1,83a48371-e252-437c-9153-a95d3d02314c,9eca039a-9b05-155d-ab7f-84047e513a2b,ad3b2c71-b667-4537-9e7d-a82889921718,old-stock-consulting,old-stock-consulting-project,container,default, ,"2/14/2026, 12:25:49 AM"
,"2/14/2026, 12:25:50 AM",mandelbrot,1,83a48371-e252-437c-9153-a95d3d02314c,9eca039a-9b05-155d-ab7f-84047e513a2b,ad3b2c71-b667-4537-9e7d-a82889921718,old-stock-consulting,old-stock-consulting-project,container,default,   FastAPI   Starting production server 🚀,"2/14/2026, 12:25:49 AM"
,"2/14/2026, 12:25:44 AM",mandelbrot,1,0c77d976-9b24-4753-baae-2d33d0fc7839,8707d2d4-4ce6-c55f-b3a0-f3d52e4e57dd,ad3b2c71-b667-4537-9e7d-a82889921718,old-stock-consulting,old-stock-consulting-project,container,default,ModuleNotFoundError: No module named 'mandelbrot',"2/14/2026, 12:25:44 AM"
,"2/14/2026, 12:25:44 AM",mandelbrot,1,0c77d976-9b24-4753-baae-2d33d0fc7839,8707d2d4-4ce6-c55f-b3a0-f3d52e4e57dd,ad3b2c71-b667-4537-9e7d-a82889921718,old-stock-consulting,old-stock-consulting-project,container,default,╰──────────────────────────────────────────────────────────────────────────────╯,"2/14/2026, 12:25:44 AM"
,"2/14/2026, 12:25:44 AM",mandelbrot,1,0c77d976-9b24-4753-baae-2d33d0fc7839,8707d2d4-4ce6-c55f-b3a0-f3d52e4e57dd,ad3b2c71-b667-4537-9e7d-a82889921718,old-stock-consulting,old-stock-consulting-project,container,default,│     7 from fastapi.responses import RedirectResponse                         │,"2/14/2026, 12:25:44 AM"
,"2/14/2026, 12:25:44 AM",mandelbrot,1,0c77d976-9b24-4753-baae-2d33d0fc7839,8707d2d4-4ce6-c55f-b3a0-f3d52e4e57dd,ad3b2c71-b667-4537-9e7d-a82889921718,old-stock-consulting,old-stock-consulting-project,container,default,"│     6 from fastapi import FastAPI, status                                    │","2/14/2026, 12:25:44 AM"
,"2/14/2026, 12:25:44 AM",mandelbrot,1,0c77d976-9b24-4753-baae-2d33d0fc7839,8707d2d4-4ce6-c55f-b3a0-f3d52e4e57dd,ad3b2c71-b667-4537-9e7d-a82889921718,old-stock-consulting,old-stock-consulting-project,container,default,│     5 import uvicorn                                                         │,"2/14/2026, 12:25:44 AM"
,"2/14/2026, 12:25:44 AM",mandelbrot,1,0c77d976-9b24-4753-baae-2d33d0fc7839,8707d2d4-4ce6-c55f-b3a0-f3d52e4e57dd,ad3b2c71-b667-4537-9e7d-a82889921718,old-stock-consulting,old-stock-consulting-project,container,default,│ ❱   4 import mandelbrot                                                      │,"2/14/2026, 12:25:44 AM"
,"2/14/2026, 12:25:44 AM",mandelbrot,1,0c77d976-9b24-4753-baae-2d33d0fc7839,8707d2d4-4ce6-c55f-b3a0-f3d52e4e57dd,ad3b2c71-b667-4537-9e7d-a82889921718,old-stock-consulting,old-stock-consulting-project,container,default,│     3 import logging                                                         │,"2/14/2026, 12:25:44 AM"
,"2/14/2026, 12:25:44 AM",mandelbrot,1,0c77d976-9b24-4753-baae-2d33d0fc7839,8707d2d4-4ce6-c55f-b3a0-f3d52e4e57dd,ad3b2c71-b667-4537-9e7d-a82889921718,old-stock-consulting,old-stock-consulting-project,container,default,│     2 import base64                                                          │,"2/14/2026, 12:25:44 AM"
,"2/14/2026, 12:25:44 AM",mandelbrot,1,0c77d976-9b24-4753-baae-2d33d0fc7839,8707d2d4-4ce6-c55f-b3a0-f3d52e4e57dd,ad3b2c71-b667-4537-9e7d-a82889921718,old-stock-consulting,old-stock-consulting-project,container,default,│     1 import asyncio                                                         │,"2/14/2026, 12:25:44 AM"
,"2/14/2026, 12:25:44 AM",mandelbrot,1,0c77d976-9b24-4753-baae-2d33d0fc7839,8707d2d4-4ce6-c55f-b3a0-f3d52e4e57dd,ad3b2c71-b667-4537-9e7d-a82889921718,old-stock-consulting,old-stock-consulting-project,container,default,│                                                                              │,"2/14/2026, 12:25:44 AM"
,"2/14/2026, 12:25:44 AM",mandelbrot,1,0c77d976-9b24-4753-baae-2d33d0fc7839,8707d2d4-4ce6-c55f-b3a0-f3d52e4e57dd,ad3b2c71-b667-4537-9e7d-a82889921718,old-stock-consulting,old-stock-consulting-project,container,default,│ /app/main.py:4 in <module>                                                   │,"2/14/2026, 12:25:44 AM"
,"2/14/2026, 12:25:44 AM",mandelbrot,1,0c77d976-9b24-4753-baae-2d33d0fc7839,8707d2d4-4ce6-c55f-b3a0-f3d52e4e57dd,ad3b2c71-b667-4537-9e7d-a82889921718,old-stock-consulting,old-stock-consulting-project,container,default,│                                                                              │,"2/14/2026, 12:25:44 AM"
,"2/14/2026, 12:25:44 AM",mandelbrot,1,0c77d976-9b24-4753-baae-2d33d0fc7839,8707d2d4-4ce6-c55f-b3a0-f3d52e4e57dd,ad3b2c71-b667-4537-9e7d-a82889921718,old-stock-consulting,old-stock-consulting-project,container,default,│ in _call_with_frames_removed:488                                             │,"2/14/2026, 12:25:44 AM"
,"2/14/2026, 12:25:44 AM",mandelbrot,1,0c77d976-9b24-4753-baae-2d33d0fc7839,8707d2d4-4ce6-c55f-b3a0-f3d52e4e57dd,ad3b2c71-b667-4537-9e7d-a82889921718,old-stock-consulting,old-stock-consulting-project,container,default,│ in exec_module:1026                                                          │,"2/14/2026, 12:25:44 AM"
,"2/14/2026, 12:25:44 AM",mandelbrot,1,0c77d976-9b24-4753-baae-2d33d0fc7839,8707d2d4-4ce6-c55f-b3a0-f3d52e4e57dd,ad3b2c71-b667-4537-9e7d-a82889921718,old-stock-consulting,old-stock-consulting-project,container,default,│ in _load_unlocked:935                                                        │,"2/14/2026, 12:25:44 AM"
,"2/14/2026, 12:25:44 AM",mandelbrot,1,0c77d976-9b24-4753-baae-2d33d0fc7839,8707d2d4-4ce6-c55f-b3a0-f3d52e4e57dd,ad3b2c71-b667-4537-9e7d-a82889921718,old-stock-consulting,old-stock-consulting-project,container,default,│ in _find_and_load_unlocked:1331                                              │,"2/14/2026, 12:25:44 AM"
,"2/14/2026, 12:25:44 AM",mandelbrot,1,0c77d976-9b24-4753-baae-2d33d0fc7839,8707d2d4-4ce6-c55f-b3a0-f3d52e4e57dd,ad3b2c71-b667-4537-9e7d-a82889921718,old-stock-consulting,old-stock-consulting-project,container,default,│ in _find_and_load:1360                                                       │,"2/14/2026, 12:25:44 AM"
,"2/14/2026, 12:25:44 AM",mandelbrot,1,0c77d976-9b24-4753-baae-2d33d0fc7839,8707d2d4-4ce6-c55f-b3a0-f3d52e4e57dd,ad3b2c71-b667-4537-9e7d-a82889921718,old-stock-consulting,old-stock-consulting-project,container,default,│ in _gcd_import:1387                                                          │,"2/14/2026, 12:25:44 AM"
,"2/14/2026, 12:25:44 AM",mandelbrot,1,0c77d976-9b24-4753-baae-2d33d0fc7839,8707d2d4-4ce6-c55f-b3a0-f3d52e4e57dd,ad3b2c71-b667-4537-9e7d-a82889921718,old-stock-consulting,old-stock-consulting-project,container,default,│    91 _RELOADING = {}                                                        │,"2/14/2026, 12:25:44 AM"
,"2/14/2026, 12:25:44 AM",mandelbrot,1,0c77d976-9b24-4753-baae-2d33d0fc7839,8707d2d4-4ce6-c55f-b3a0-f3d52e4e57dd,ad3b2c71-b667-4537-9e7d-a82889921718,old-stock-consulting,old-stock-consulting-project,container,default,│    90                                                                        │,"2/14/2026, 12:25:44 AM"
,"2/14/2026, 12:25:44 AM",mandelbrot,1,0c77d976-9b24-4753-baae-2d33d0fc7839,8707d2d4-4ce6-c55f-b3a0-f3d52e4e57dd,ad3b2c71-b667-4537-9e7d-a82889921718,old-stock-consulting,old-stock-consulting-project,container,default,│    89                                                                        │,"2/14/2026, 12:25:44 AM"
,"2/14/2026, 12:25:44 AM",mandelbrot,1,0c77d976-9b24-4753-baae-2d33d0fc7839,8707d2d4-4ce6-c55f-b3a0-f3d52e4e57dd,ad3b2c71-b667-4537-9e7d-a82889921718,old-stock-consulting,old-stock-consulting-project,container,default,"│ ❱  88 │   return _bootstrap._gcd_import(name[level:], package, level)        │","2/14/2026, 12:25:44 AM"
,"2/14/2026, 12:25:44 AM",mandelbrot,1,0c77d976-9b24-4753-baae-2d33d0fc7839,8707d2d4-4ce6-c55f-b3a0-f3d52e4e57dd,ad3b2c71-b667-4537-9e7d-a82889921718,old-stock-consulting,old-stock-consulting-project,container,default,│    87 │   │   │   level += 1                                                 │,"2/14/2026, 12:25:44 AM"
,"2/14/2026, 12:25:44 AM",mandelbrot,1,0c77d976-9b24-4753-baae-2d33d0fc7839,8707d2d4-4ce6-c55f-b3a0-f3d52e4e57dd,ad3b2c71-b667-4537-9e7d-a82889921718,old-stock-consulting,old-stock-consulting-project,container,default,│    86 │   │   │   │   break                                                  │,"2/14/2026, 12:25:44 AM"
,"2/14/2026, 12:25:44 AM",mandelbrot,1,0c77d976-9b24-4753-baae-2d33d0fc7839,8707d2d4-4ce6-c55f-b3a0-f3d52e4e57dd,ad3b2c71-b667-4537-9e7d-a82889921718,old-stock-consulting,old-stock-consulting-project,container,default,│    85 │   │   │   if character != '.':                                       │,"2/14/2026, 12:25:44 AM"
,"2/14/2026, 12:25:44 AM",mandelbrot,1,0c77d976-9b24-4753-baae-2d33d0fc7839,8707d2d4-4ce6-c55f-b3a0-f3d52e4e57dd,ad3b2c71-b667-4537-9e7d-a82889921718,old-stock-consulting,old-stock-consulting-project,container,default,│                                                                              │,"2/14/2026, 12:25:44 AM"
,"2/14/2026, 12:25:44 AM",mandelbrot,1,0c77d976-9b24-4753-baae-2d33d0fc7839,8707d2d4-4ce6-c55f-b3a0-f3d52e4e57dd,ad3b2c71-b667-4537-9e7d-a82889921718,old-stock-consulting,old-stock-consulting-project,container,default,│ /usr/local/lib/python3.13/importlib/__init__.py:88 in import_module          │,"2/14/2026, 12:25:44 AM"
,"2/14/2026, 12:25:44 AM",mandelbrot,1,0c77d976-9b24-4753-baae-2d33d0fc7839,8707d2d4-4ce6-c55f-b3a0-f3d52e4e57dd,ad3b2c71-b667-4537-9e7d-a82889921718,old-stock-consulting,old-stock-consulting-project,container,default,│                                                                              │,"2/14/2026, 12:25:44 AM"
,"2/14/2026, 12:25:44 AM",mandelbrot,1,0c77d976-9b24-4753-baae-2d33d0fc7839,8707d2d4-4ce6-c55f-b3a0-f3d52e4e57dd,ad3b2c71-b667-4537-9e7d-a82889921718,old-stock-consulting,old-stock-consulting-project,container,default,│    73 │   │   logger.warning(                                                │,"2/14/2026, 12:25:44 AM"
,"2/14/2026, 12:25:44 AM",mandelbrot,1,0c77d976-9b24-4753-baae-2d33d0fc7839,8707d2d4-4ce6-c55f-b3a0-f3d52e4e57dd,ad3b2c71-b667-4537-9e7d-a82889921718,old-stock-consulting,old-stock-consulting-project,container,default,"│    72 │   │   logger.error(f""Import error: {e}"")                             │","2/14/2026, 12:25:44 AM"
,"2/14/2026, 12:25:44 AM",mandelbrot,1,0c77d976-9b24-4753-baae-2d33d0fc7839,8707d2d4-4ce6-c55f-b3a0-f3d52e4e57dd,ad3b2c71-b667-4537-9e7d-a82889921718,old-stock-consulting,old-stock-consulting-project,container,default,"│    71 │   except (ImportError, ValueError) as e:                             │","2/14/2026, 12:25:44 AM"
,"2/14/2026, 12:25:44 AM",mandelbrot,1,0c77d976-9b24-4753-baae-2d33d0fc7839,8707d2d4-4ce6-c55f-b3a0-f3d52e4e57dd,ad3b2c71-b667-4537-9e7d-a82889921718,old-stock-consulting,old-stock-consulting-project,container,default,│ ❱  70 │   │   mod = importlib.import_module(mod_data.module_import_str)      │,"2/14/2026, 12:25:44 AM"
,"2/14/2026, 12:25:44 AM",mandelbrot,1,0c77d976-9b24-4753-baae-2d33d0fc7839,8707d2d4-4ce6-c55f-b3a0-f3d52e4e57dd,ad3b2c71-b667-4537-9e7d-a82889921718,old-stock-consulting,old-stock-consulting-project,container,default,│    69 │   try:                                                               │,"2/14/2026, 12:25:44 AM"
,"2/14/2026, 12:25:44 AM",mandelbrot,1,0c77d976-9b24-4753-baae-2d33d0fc7839,8707d2d4-4ce6-c55f-b3a0-f3d52e4e57dd,ad3b2c71-b667-4537-9e7d-a82889921718,old-stock-consulting,old-stock-consulting-project,container,default,"│    68 def get_app_name(*, mod_data: ModuleData, app_name: Union[str, None] = │","2/14/2026, 12:25:44 AM"
,"2/14/2026, 12:25:44 AM",mandelbrot,1,0c77d976-9b24-4753-baae-2d33d0fc7839,8707d2d4-4ce6-c55f-b3a0-f3d52e4e57dd,ad3b2c71-b667-4537-9e7d-a82889921718,old-stock-consulting,old-stock-consulting-project,container,default,│    67                                                                        │,"2/14/2026, 12:25:44 AM"
,"2/14/2026, 12:25:44 AM",mandelbrot,1,0c77d976-9b24-4753-baae-2d33d0fc7839,8707d2d4-4ce6-c55f-b3a0-f3d52e4e57dd,ad3b2c71-b667-4537-9e7d-a82889921718,old-stock-consulting,old-stock-consulting-project,container,default,│                                                                              │,"2/14/2026, 12:25:44 AM"
,"2/14/2026, 12:25:44 AM",mandelbrot,1,0c77d976-9b24-4753-baae-2d33d0fc7839,8707d2d4-4ce6-c55f-b3a0-f3d52e4e57dd,ad3b2c71-b667-4537-9e7d-a82889921718,old-stock-consulting,old-stock-consulting-project,container,default,│ get_app_name                                                                 │,"2/14/2026, 12:25:44 AM"
,"2/14/2026, 12:25:44 AM",mandelbrot,1,0c77d976-9b24-4753-baae-2d33d0fc7839,8707d2d4-4ce6-c55f-b3a0-f3d52e4e57dd,ad3b2c71-b667-4537-9e7d-a82889921718,old-stock-consulting,old-stock-consulting-project,container,default,│ /usr/local/lib/python3.13/site-packages/fastapi_cli/discover.py:70 in        │,"2/14/2026, 12:25:44 AM"
,"2/14/2026, 12:25:44 AM",mandelbrot,1,0c77d976-9b24-4753-baae-2d33d0fc7839,8707d2d4-4ce6-c55f-b3a0-f3d52e4e57dd,ad3b2c71-b667-4537-9e7d-a82889921718,old-stock-consulting,old-stock-consulting-project,container,default,│                                                                              │,"2/14/2026, 12:25:44 AM"
,"2/14/2026, 12:25:44 AM",mandelbrot,1,0c77d976-9b24-4753-baae-2d33d0fc7839,8707d2d4-4ce6-c55f-b3a0-f3d52e4e57dd,ad3b2c71-b667-4537-9e7d-a82889921718,old-stock-consulting,old-stock-consulting-project,container,default,│   129                                                                        │,"2/14/2026, 12:25:44 AM"
,"2/14/2026, 12:25:44 AM",mandelbrot,1,0c77d976-9b24-4753-baae-2d33d0fc7839,8707d2d4-4ce6-c55f-b3a0-f3d52e4e57dd,ad3b2c71-b667-4537-9e7d-a82889921718,old-stock-consulting,old-stock-consulting-project,container,default,"│   128 │   import_string = f""{mod_data.module_import_str}:{use_app_name}""     │","2/14/2026, 12:25:44 AM"
,"2/14/2026, 12:25:44 AM",mandelbrot,1,0c77d976-9b24-4753-baae-2d33d0fc7839,8707d2d4-4ce6-c55f-b3a0-f3d52e4e57dd,ad3b2c71-b667-4537-9e7d-a82889921718,old-stock-consulting,old-stock-consulting-project,container,default,│   127 │                                                                      │,"2/14/2026, 12:25:44 AM"
,"2/14/2026, 12:25:44 AM",mandelbrot,1,0c77d976-9b24-4753-baae-2d33d0fc7839,8707d2d4-4ce6-c55f-b3a0-f3d52e4e57dd,ad3b2c71-b667-4537-9e7d-a82889921718,old-stock-consulting,old-stock-consulting-project,container,default,"│ ❱ 126 │   use_app_name = get_app_name(mod_data=mod_data, app_name=app_name)  │","2/14/2026, 12:25:44 AM"
,"2/14/2026, 12:25:44 AM",mandelbrot,1,0c77d976-9b24-4753-baae-2d33d0fc7839,8707d2d4-4ce6-c55f-b3a0-f3d52e4e57dd,ad3b2c71-b667-4537-9e7d-a82889921718,old-stock-consulting,old-stock-consulting-project,container,default,"│   125 │   sys.path.insert(0, str(mod_data.extra_sys_path))                   │","2/14/2026, 12:25:44 AM"
,"2/14/2026, 12:25:44 AM",mandelbrot,1,0c77d976-9b24-4753-baae-2d33d0fc7839,8707d2d4-4ce6-c55f-b3a0-f3d52e4e57dd,ad3b2c71-b667-4537-9e7d-a82889921718,old-stock-consulting,old-stock-consulting-project,container,default,│   124 │   mod_data = get_module_data_from_path(path)                         │,"2/14/2026, 12:25:44 AM"
,"2/14/2026, 12:25:44 AM",mandelbrot,1,0c77d976-9b24-4753-baae-2d33d0fc7839,8707d2d4-4ce6-c55f-b3a0-f3d52e4e57dd,ad3b2c71-b667-4537-9e7d-a82889921718,old-stock-consulting,old-stock-consulting-project,container,default,"│   123 │   │   raise FastAPICLIException(f""Path does not exist {path}"")       │","2/14/2026, 12:25:44 AM"
,"2/14/2026, 12:25:44 AM",mandelbrot,1,0c77d976-9b24-4753-baae-2d33d0fc7839,8707d2d4-4ce6-c55f-b3a0-f3d52e4e57dd,ad3b2c71-b667-4537-9e7d-a82889921718,old-stock-consulting,old-stock-consulting-project,container,default,│                                                                              │,"2/14/2026, 12:25:44 AM"
,"2/14/2026, 12:25:44 AM",mandelbrot,1,0c77d976-9b24-4753-baae-2d33d0fc7839,8707d2d4-4ce6-c55f-b3a0-f3d52e4e57dd,ad3b2c71-b667-4537-9e7d-a82889921718,old-stock-consulting,old-stock-consulting-project,container,default,│ get_import_data                                                              │,"2/14/2026, 12:25:44 AM"
,"2/14/2026, 12:25:44 AM",mandelbrot,1,0c77d976-9b24-4753-baae-2d33d0fc7839,8707d2d4-4ce6-c55f-b3a0-f3d52e4e57dd,ad3b2c71-b667-4537-9e7d-a82889921718,old-stock-consulting,old-stock-consulting-project,container,default,│ /usr/local/lib/python3.13/site-packages/fastapi_cli/discover.py:126 in       │,"2/14/2026, 12:25:44 AM"
,"2/14/2026, 12:25:44 AM",mandelbrot,1,0c77d976-9b24-4753-baae-2d33d0fc7839,8707d2d4-4ce6-c55f-b3a0-f3d52e4e57dd,ad3b2c71-b667-4537-9e7d-a82889921718,old-stock-consulting,old-stock-consulting-project,container,default,│                                                                              │,"2/14/2026, 12:25:44 AM"
,"2/14/2026, 12:25:44 AM",mandelbrot,1,0c77d976-9b24-4753-baae-2d33d0fc7839,8707d2d4-4ce6-c55f-b3a0-f3d52e4e57dd,ad3b2c71-b667-4537-9e7d-a82889921718,old-stock-consulting,old-stock-consulting-project,container,default,│   155 │   │   │   else:                                                      │,"2/14/2026, 12:25:44 AM"
,"2/14/2026, 12:25:44 AM",mandelbrot,1,0c77d976-9b24-4753-baae-2d33d0fc7839,8707d2d4-4ce6-c55f-b3a0-f3d52e4e57dd,ad3b2c71-b667-4537-9e7d-a82889921718,old-stock-consulting,old-stock-consulting-project,container,default,│   154 │   │   │   │   import_data = get_import_data_from_import_string(confi │,"2/14/2026, 12:25:44 AM"
,"2/14/2026, 12:25:44 AM",mandelbrot,1,0c77d976-9b24-4753-baae-2d33d0fc7839,8707d2d4-4ce6-c55f-b3a0-f3d52e4e57dd,ad3b2c71-b667-4537-9e7d-a82889921718,old-stock-consulting,old-stock-consulting-project,container,default,│   153 │   │   │   elif config.entrypoint:                                    │,"2/14/2026, 12:25:44 AM"
,"2/14/2026, 12:25:44 AM",mandelbrot,1,0c77d976-9b24-4753-baae-2d33d0fc7839,8707d2d4-4ce6-c55f-b3a0-f3d52e4e57dd,ad3b2c71-b667-4537-9e7d-a82889921718,old-stock-consulting,old-stock-consulting-project,container,default,"│ ❱ 152 │   │   │   │   import_data = get_import_data(path=path, app_name=app) │","2/14/2026, 12:25:44 AM"
,"2/14/2026, 12:25:44 AM",mandelbrot,1,0c77d976-9b24-4753-baae-2d33d0fc7839,8707d2d4-4ce6-c55f-b3a0-f3d52e4e57dd,ad3b2c71-b667-4537-9e7d-a82889921718,old-stock-consulting,old-stock-consulting-project,container,default,│   151 │   │   │   if path or app:                                            │,"2/14/2026, 12:25:44 AM"
,"2/14/2026, 12:25:44 AM",mandelbrot,1,0c77d976-9b24-4753-baae-2d33d0fc7839,8707d2d4-4ce6-c55f-b3a0-f3d52e4e57dd,ad3b2c71-b667-4537-9e7d-a82889921718,old-stock-consulting,old-stock-consulting-project,container,default,│   150 │   │   │   # Resolve import data with priority: CLI path/app > config │,"2/14/2026, 12:25:44 AM"
,"2/14/2026, 12:25:44 AM",mandelbrot,1,0c77d976-9b24-4753-baae-2d33d0fc7839,8707d2d4-4ce6-c55f-b3a0-f3d52e4e57dd,ad3b2c71-b667-4537-9e7d-a82889921718,old-stock-consulting,old-stock-consulting-project,container,default,│   149 │   │   try:                                                           │,"2/14/2026, 12:25:44 AM"
,"2/14/2026, 12:25:44 AM",mandelbrot,1,0c77d976-9b24-4753-baae-2d33d0fc7839,8707d2d4-4ce6-c55f-b3a0-f3d52e4e57dd,ad3b2c71-b667-4537-9e7d-a82889921718,old-stock-consulting,old-stock-consulting-project,container,default,│                                                                              │,"2/14/2026, 12:25:44 AM"
,"2/14/2026, 12:25:44 AM",mandelbrot,1,0c77d976-9b24-4753-baae-2d33d0fc7839,8707d2d4-4ce6-c55f-b3a0-f3d52e4e57dd,ad3b2c71-b667-4537-9e7d-a82889921718,old-stock-consulting,old-stock-consulting-project,container,default,│ /usr/local/lib/python3.13/site-packages/fastapi_cli/cli.py:152 in _run       │,"2/14/2026, 12:25:44 AM"
,"2/14/2026, 12:25:44 AM",mandelbrot,1,0c77d976-9b24-4753-baae-2d33d0fc7839,8707d2d4-4ce6-c55f-b3a0-f3d52e4e57dd,ad3b2c71-b667-4537-9e7d-a82889921718,old-stock-consulting,old-stock-consulting-project,container,default,│                                                                              │,"2/14/2026, 12:25:44 AM"
,"2/14/2026, 12:25:44 AM",mandelbrot,1,0c77d976-9b24-4753-baae-2d33d0fc7839,8707d2d4-4ce6-c55f-b3a0-f3d52e4e57dd,ad3b2c71-b667-4537-9e7d-a82889921718,old-stock-consulting,old-stock-consulting-project,container,default,"│   438 │   │   port=port,                                                     │","2/14/2026, 12:25:44 AM"
,"2/14/2026, 12:25:44 AM",mandelbrot,1,0c77d976-9b24-4753-baae-2d33d0fc7839,8707d2d4-4ce6-c55f-b3a0-f3d52e4e57dd,ad3b2c71-b667-4537-9e7d-a82889921718,old-stock-consulting,old-stock-consulting-project,container,default,"│   437 │   │   host=host,                                                     │","2/14/2026, 12:25:44 AM"
,"2/14/2026, 12:25:44 AM",mandelbrot,1,0c77d976-9b24-4753-baae-2d33d0fc7839,8707d2d4-4ce6-c55f-b3a0-f3d52e4e57dd,ad3b2c71-b667-4537-9e7d-a82889921718,old-stock-consulting,old-stock-consulting-project,container,default,"│   436 │   │   path=path,                                                     │","2/14/2026, 12:25:44 AM"
,"2/14/2026, 12:25:44 AM",mandelbrot,1,0c77d976-9b24-4753-baae-2d33d0fc7839,8707d2d4-4ce6-c55f-b3a0-f3d52e4e57dd,ad3b2c71-b667-4537-9e7d-a82889921718,old-stock-consulting,old-stock-consulting-project,container,default,│ ❱ 435 │   _run(                                                              │,"2/14/2026, 12:25:44 AM"
,"2/14/2026, 12:25:44 AM",mandelbrot,1,0c77d976-9b24-4753-baae-2d33d0fc7839,8707d2d4-4ce6-c55f-b3a0-f3d52e4e57dd,ad3b2c71-b667-4537-9e7d-a82889921718,old-stock-consulting,old-stock-consulting-project,container,default,"│   434 │   """"""                                                                │","2/14/2026, 12:25:44 AM"
,"2/14/2026, 12:25:44 AM",mandelbrot,1,0c77d976-9b24-4753-baae-2d33d0fc7839,8707d2d4-4ce6-c55f-b3a0-f3d52e4e57dd,ad3b2c71-b667-4537-9e7d-a82889921718,old-stock-consulting,old-stock-consulting-project,container,default,"│   433 │   Otherwise, it uses the first [bold]FastAPI[/bold] app found in the │","2/14/2026, 12:25:44 AM"
,"2/14/2026, 12:25:44 AM",mandelbrot,1,0c77d976-9b24-4753-baae-2d33d0fc7839,8707d2d4-4ce6-c55f-b3a0-f3d52e4e57dd,ad3b2c71-b667-4537-9e7d-a82889921718,old-stock-consulting,old-stock-consulting-project,container,default,│   432 │                                                                      │,"2/14/2026, 12:25:44 AM"
,"2/14/2026, 12:25:44 AM",mandelbrot,1,0c77d976-9b24-4753-baae-2d33d0fc7839,8707d2d4-4ce6-c55f-b3a0-f3d52e4e57dd,ad3b2c71-b667-4537-9e7d-a82889921718,old-stock-consulting,old-stock-consulting-project,container,default,│                                                                              │,"2/14/2026, 12:25:44 AM"
,"2/14/2026, 12:25:44 AM",mandelbrot,1,0c77d976-9b24-4753-baae-2d33d0fc7839,8707d2d4-4ce6-c55f-b3a0-f3d52e4e57dd,ad3b2c71-b667-4537-9e7d-a82889921718,old-stock-consulting,old-stock-consulting-project,container,default,│ /usr/local/lib/python3.13/site-packages/fastapi_cli/cli.py:435 in run        │,"2/14/2026, 12:25:44 AM"
,"2/14/2026, 12:25:44 AM",mandelbrot,1,0c77d976-9b24-4753-baae-2d33d0fc7839,8707d2d4-4ce6-c55f-b3a0-f3d52e4e57dd,ad3b2c71-b667-4537-9e7d-a82889921718,old-stock-consulting,old-stock-consulting-project,container,default,╭───────────────────── Traceback (most recent call last) ──────────────────────╮,"2/14/2026, 12:25:44 AM"
,"2/14/2026, 12:25:44 AM",mandelbrot,1,0c77d976-9b24-4753-baae-2d33d0fc7839,8707d2d4-4ce6-c55f-b3a0-f3d52e4e57dd,ad3b2c71-b667-4537-9e7d-a82889921718,old-stock-consulting,old-stock-consulting-project,container,default,,"2/14/2026, 12:25:44 AM"
,"2/14/2026, 12:25:44 AM",mandelbrot,1,0c77d976-9b24-4753-baae-2d33d0fc7839,8707d2d4-4ce6-c55f-b3a0-f3d52e4e57dd,ad3b2c71-b667-4537-9e7d-a82889921718,old-stock-consulting,old-stock-consulting-project,container,default,WARNING  Ensure all the package directories have an __init__.py file            ,"2/14/2026, 12:25:44 AM"
,"2/14/2026, 12:25:44 AM",mandelbrot,1,0c77d976-9b24-4753-baae-2d33d0fc7839,8707d2d4-4ce6-c55f-b3a0-f3d52e4e57dd,ad3b2c71-b667-4537-9e7d-a82889921718,old-stock-consulting,old-stock-consulting-project,container,default,ERROR    Import error: No module named 'mandelbrot'                             ,"2/14/2026, 12:25:44 AM"
,"2/14/2026, 12:25:44 AM",mandelbrot,1,0c77d976-9b24-4753-baae-2d33d0fc7839,8707d2d4-4ce6-c55f-b3a0-f3d52e4e57dd,ad3b2c71-b667-4537-9e7d-a82889921718,old-stock-consulting,old-stock-consulting-project,container,default,             __init__.py files                                                  ,"2/14/2026, 12:25:44 AM"
,"2/14/2026, 12:25:44 AM",mandelbrot,1,0c77d976-9b24-4753-baae-2d33d0fc7839,8707d2d4-4ce6-c55f-b3a0-f3d52e4e57dd,ad3b2c71-b667-4537-9e7d-a82889921718,old-stock-consulting,old-stock-consulting-project,container,default,             Searching for package file structure from directories with         ,"2/14/2026, 12:25:44 AM"
,"2/14/2026, 12:25:44 AM",mandelbrot,1,0c77d976-9b24-4753-baae-2d33d0fc7839,8707d2d4-4ce6-c55f-b3a0-f3d52e4e57dd,ad3b2c71-b667-4537-9e7d-a82889921718,old-stock-consulting,old-stock-consulting-project,container,default, ,"2/14/2026, 12:25:44 AM"
,"2/14/2026, 12:25:44 AM",mandelbrot,1,0c77d976-9b24-4753-baae-2d33d0fc7839,8707d2d4-4ce6-c55f-b3a0-f3d52e4e57dd,ad3b2c71-b667-4537-9e7d-a82889921718,old-stock-consulting,old-stock-consulting-project,container,default,   FastAPI   Starting production server 🚀,"2/14/2026, 12:25:44 AM"
,"2/14/2026, 12:25:41 AM",mandelbrot,1,83a48371-e252-437c-9153-a95d3d02314c,9eca039a-9b05-155d-ab7f-84047e513a2b,ad3b2c71-b667-4537-9e7d-a82889921718,old-stock-consulting,old-stock-consulting-project,container,default,ModuleNotFoundError: No module named 'mandelbrot',"2/14/2026, 12:25:41 AM"
,"2/14/2026, 12:25:41 AM",mandelbrot,1,83a48371-e252-437c-9153-a95d3d02314c,9eca039a-9b05-155d-ab7f-84047e513a2b,ad3b2c71-b667-4537-9e7d-a82889921718,old-stock-consulting,old-stock-consulting-project,container,default,╰──────────────────────────────────────────────────────────────────────────────╯,"2/14/2026, 12:25:41 AM"
,"2/14/2026, 12:25:41 AM",mandelbrot,1,83a48371-e252-437c-9153-a95d3d02314c,9eca039a-9b05-155d-ab7f-84047e513a2b,ad3b2c71-b667-4537-9e7d-a82889921718,old-stock-consulting,old-stock-consulting-project,container,default,│     7 from fastapi.responses import RedirectResponse                         │,"2/14/2026, 12:25:41 AM"
,"2/14/2026, 12:25:41 AM",mandelbrot,1,83a48371-e252-437c-9153-a95d3d02314c,9eca039a-9b05-155d-ab7f-84047e513a2b,ad3b2c71-b667-4537-9e7d-a82889921718,old-stock-consulting,old-stock-consulting-project,container,default,"│     6 from fastapi import FastAPI, status                                    │","2/14/2026, 12:25:41 AM"
,"2/14/2026, 12:25:41 AM",mandelbrot,1,83a48371-e252-437c-9153-a95d3d02314c,9eca039a-9b05-155d-ab7f-84047e513a2b,ad3b2c71-b667-4537-9e7d-a82889921718,old-stock-consulting,old-stock-consulting-project,container,default,│     5 import uvicorn                                                         │,"2/14/2026, 12:25:41 AM"
,"2/14/2026, 12:25:41 AM",mandelbrot,1,83a48371-e252-437c-9153-a95d3d02314c,9eca039a-9b05-155d-ab7f-84047e513a2b,ad3b2c71-b667-4537-9e7d-a82889921718,old-stock-consulting,old-stock-consulting-project,container,default,│ ❱   4 import mandelbrot                                                      │,"2/14/2026, 12:25:41 AM"
,"2/14/2026, 12:25:41 AM",mandelbrot,1,83a48371-e252-437c-9153-a95d3d02314c,9eca039a-9b05-155d-ab7f-84047e513a2b,ad3b2c71-b667-4537-9e7d-a82889921718,old-stock-consulting,old-stock-consulting-project,container,default,│     3 import logging                                                         │,"2/14/2026, 12:25:41 AM"
,"2/14/2026, 12:25:41 AM",mandelbrot,1,83a48371-e252-437c-9153-a95d3d02314c,9eca039a-9b05-155d-ab7f-84047e513a2b,ad3b2c71-b667-4537-9e7d-a82889921718,old-stock-consulting,old-stock-consulting-project,container,default,│     2 import base64                                                          │,"2/14/2026, 12:25:41 AM"
,"2/14/2026, 12:25:41 AM",mandelbrot,1,83a48371-e252-437c-9153-a95d3d02314c,9eca039a-9b05-155d-ab7f-84047e513a2b,ad3b2c71-b667-4537-9e7d-a82889921718,old-stock-consulting,old-stock-consulting-project,container,default,│     1 import asyncio                                                         │,"2/14/2026, 12:25:41 AM"
,"2/14/2026, 12:25:41 AM",mandelbrot,1,83a48371-e252-437c-9153-a95d3d02314c,9eca039a-9b05-155d-ab7f-84047e513a2b,ad3b2c71-b667-4537-9e7d-a82889921718,old-stock-consulting,old-stock-consulting-project,container,default,│                                                                              │,"2/14/2026, 12:25:41 AM"
,"2/14/2026, 12:25:41 AM",mandelbrot,1,83a48371-e252-437c-9153-a95d3d02314c,9eca039a-9b05-155d-ab7f-84047e513a2b,ad3b2c71-b667-4537-9e7d-a82889921718,old-stock-consulting,old-stock-consulting-project,container,default,│ /app/main.py:4 in <module>                                                   │,"2/14/2026, 12:25:41 AM"
,"2/14/2026, 12:25:41 AM",mandelbrot,1,83a48371-e252-437c-9153-a95d3d02314c,9eca039a-9b05-155d-ab7f-84047e513a2b,ad3b2c71-b667-4537-9e7d-a82889921718,old-stock-consulting,old-stock-consulting-project,container,default,│                                                                              │,"2/14/2026, 12:25:41 AM"
,"2/14/2026, 12:25:41 AM",mandelbrot,1,83a48371-e252-437c-9153-a95d3d02314c,9eca039a-9b05-155d-ab7f-84047e513a2b,ad3b2c71-b667-4537-9e7d-a82889921718,old-stock-consulting,old-stock-consulting-project,container,default,│ in _call_with_frames_removed:488                                             │,"2/14/2026, 12:25:41 AM"
,"2/14/2026, 12:25:41 AM",mandelbrot,1,83a48371-e252-437c-9153-a95d3d02314c,9eca039a-9b05-155d-ab7f-84047e513a2b,ad3b2c71-b667-4537-9e7d-a82889921718,old-stock-consulting,old-stock-consulting-project,container,default,│ in exec_module:1026                                                          │,"2/14/2026, 12:25:41 AM"
,"2/14/2026, 12:25:41 AM",mandelbrot,1,83a48371-e252-437c-9153-a95d3d02314c,9eca039a-9b05-155d-ab7f-84047e513a2b,ad3b2c71-b667-4537-9e7d-a82889921718,old-stock-consulting,old-stock-consulting-project,container,default,│ in _load_unlocked:935                                                        │,"2/14/2026, 12:25:41 AM"
,"2/14/2026, 12:25:41 AM",mandelbrot,1,83a48371-e252-437c-9153-a95d3d02314c,9eca039a-9b05-155d-ab7f-84047e513a2b,ad3b2c71-b667-4537-9e7d-a82889921718,old-stock-consulting,old-stock-consulting-project,container,default,│ in _find_and_load_unlocked:1331                                              │,"2/14/2026, 12:25:41 AM"
,"2/14/2026, 12:25:41 AM",mandelbrot,1,83a48371-e252-437c-9153-a95d3d02314c,9eca039a-9b05-155d-ab7f-84047e513a2b,ad3b2c71-b667-4537-9e7d-a82889921718,old-stock-consulting,old-stock-consulting-project,container,default,│ in _find_and_load:1360                                                       │,"2/14/2026, 12:25:41 AM"
,"2/14/2026, 12:25:41 AM",mandelbrot,1,83a48371-e252-437c-9153-a95d3d02314c,9eca039a-9b05-155d-ab7f-84047e513a2b,ad3b2c71-b667-4537-9e7d-a82889921718,old-stock-consulting,old-stock-consulting-project,container,default,│ in _gcd_import:1387                                                          │,"2/14/2026, 12:25:41 AM"
,"2/14/2026, 12:25:41 AM",mandelbrot,1,83a48371-e252-437c-9153-a95d3d02314c,9eca039a-9b05-155d-ab7f-84047e513a2b,ad3b2c71-b667-4537-9e7d-a82889921718,old-stock-consulting,old-stock-consulting-project,container,default,│    91 _RELOADING = {}                                                        │,"2/14/2026, 12:25:41 AM"
,"2/14/2026, 12:25:41 AM",mandelbrot,1,83a48371-e252-437c-9153-a95d3d02314c,9eca039a-9b05-155d-ab7f-84047e513a2b,ad3b2c71-b667-4537-9e7d-a82889921718,old-stock-consulting,old-stock-consulting-project,container,default,│    90                                                                        │,"2/14/2026, 12:25:41 AM"
,"2/14/2026, 12:25:41 AM",mandelbrot,1,83a48371-e252-437c-9153-a95d3d02314c,9eca039a-9b05-155d-ab7f-84047e513a2b,ad3b2c71-b667-4537-9e7d-a82889921718,old-stock-consulting,old-stock-consulting-project,container,default,│    89                                                                        │,"2/14/2026, 12:25:41 AM"
,"2/14/2026, 12:25:41 AM",mandelbrot,1,83a48371-e252-437c-9153-a95d3d02314c,9eca039a-9b05-155d-ab7f-84047e513a2b,ad3b2c71-b667-4537-9e7d-a82889921718,old-stock-consulting,old-stock-consulting-project,container,default,"│ ❱  88 │   return _bootstrap._gcd_import(name[level:], package, level)        │","2/14/2026, 12:25:41 AM"
,"2/14/2026, 12:25:41 AM",mandelbrot,1,83a48371-e252-437c-9153-a95d3d02314c,9eca039a-9b05-155d-ab7f-84047e513a2b,ad3b2c71-b667-4537-9e7d-a82889921718,old-stock-consulting,old-stock-consulting-project,container,default,│    87 │   │   │   level += 1                                                 │,"2/14/2026, 12:25:41 AM"
,"2/14/2026, 12:25:41 AM",mandelbrot,1,83a48371-e252-437c-9153-a95d3d02314c,9eca039a-9b05-155d-ab7f-84047e513a2b,ad3b2c71-b667-4537-9e7d-a82889921718,old-stock-consulting,old-stock-consulting-project,container,default,│    86 │   │   │   │   break                                                  │,"2/14/2026, 12:25:41 AM"
,"2/14/2026, 12:25:41 AM",mandelbrot,1,83a48371-e252-437c-9153-a95d3d02314c,9eca039a-9b05-155d-ab7f-84047e513a2b,ad3b2c71-b667-4537-9e7d-a82889921718,old-stock-consulting,old-stock-consulting-project,container,default,│    85 │   │   │   if character != '.':                                       │,"2/14/2026, 12:25:41 AM"
,"2/14/2026, 12:25:41 AM",mandelbrot,1,83a48371-e252-437c-9153-a95d3d02314c,9eca039a-9b05-155d-ab7f-84047e513a2b,ad3b2c71-b667-4537-9e7d-a82889921718,old-stock-consulting,old-stock-consulting-project,container,default,│                                                                              │,"2/14/2026, 12:25:41 AM"
,"2/14/2026, 12:25:41 AM",mandelbrot,1,83a48371-e252-437c-9153-a95d3d02314c,9eca039a-9b05-155d-ab7f-84047e513a2b,ad3b2c71-b667-4537-9e7d-a82889921718,old-stock-consulting,old-stock-consulting-project,container,default,│ /usr/local/lib/python3.13/importlib/__init__.py:88 in import_module          │,"2/14/2026, 12:25:41 AM"
,"2/14/2026, 12:25:41 AM",mandelbrot,1,83a48371-e252-437c-9153-a95d3d02314c,9eca039a-9b05-155d-ab7f-84047e513a2b,ad3b2c71-b667-4537-9e7d-a82889921718,old-stock-consulting,old-stock-consulting-project,container,default,│                                                                              │,"2/14/2026, 12:25:41 AM"
,"2/14/2026, 12:25:41 AM",mandelbrot,1,83a48371-e252-437c-9153-a95d3d02314c,9eca039a-9b05-155d-ab7f-84047e513a2b,ad3b2c71-b667-4537-9e7d-a82889921718,old-stock-consulting,old-stock-consulting-project,container,default,│    73 │   │   logger.warning(                                                │,"2/14/2026, 12:25:41 AM"
,"2/14/2026, 12:25:41 AM",mandelbrot,1,83a48371-e252-437c-9153-a95d3d02314c,9eca039a-9b05-155d-ab7f-84047e513a2b,ad3b2c71-b667-4537-9e7d-a82889921718,old-stock-consulting,old-stock-consulting-project,container,default,"│    72 │   │   logger.error(f""Import error: {e}"")                             │","2/14/2026, 12:25:41 AM"
,"2/14/2026, 12:25:41 AM",mandelbrot,1,83a48371-e252-437c-9153-a95d3d02314c,9eca039a-9b05-155d-ab7f-84047e513a2b,ad3b2c71-b667-4537-9e7d-a82889921718,old-stock-consulting,old-stock-consulting-project,container,default,"│    71 │   except (ImportError, ValueError) as e:                             │","2/14/2026, 12:25:41 AM"
,"2/14/2026, 12:25:41 AM",mandelbrot,1,83a48371-e252-437c-9153-a95d3d02314c,9eca039a-9b05-155d-ab7f-84047e513a2b,ad3b2c71-b667-4537-9e7d-a82889921718,old-stock-consulting,old-stock-consulting-project,container,default,│ ❱  70 │   │   mod = importlib.import_module(mod_data.module_import_str)      │,"2/14/2026, 12:25:41 AM"
,"2/14/2026, 12:25:41 AM",mandelbrot,1,83a48371-e252-437c-9153-a95d3d02314c,9eca039a-9b05-155d-ab7f-84047e513a2b,ad3b2c71-b667-4537-9e7d-a82889921718,old-stock-consulting,old-stock-consulting-project,container,default,│    69 │   try:                                                               │,"2/14/2026, 12:25:41 AM"
,"2/14/2026, 12:25:41 AM",mandelbrot,1,83a48371-e252-437c-9153-a95d3d02314c,9eca039a-9b05-155d-ab7f-84047e513a2b,ad3b2c71-b667-4537-9e7d-a82889921718,old-stock-consulting,old-stock-consulting-project,container,default,"│    68 def get_app_name(*, mod_data: ModuleData, app_name: Union[str, None] = │","2/14/2026, 12:25:41 AM"
,"2/14/2026, 12:25:41 AM",mandelbrot,1,83a48371-e252-437c-9153-a95d3d02314c,9eca039a-9b05-155d-ab7f-84047e513a2b,ad3b2c71-b667-4537-9e7d-a82889921718,old-stock-consulting,old-stock-consulting-project,container,default,│    67                                                                        │,"2/14/2026, 12:25:41 AM"
,"2/14/2026, 12:25:41 AM",mandelbrot,1,83a48371-e252-437c-9153-a95d3d02314c,9eca039a-9b05-155d-ab7f-84047e513a2b,ad3b2c71-b667-4537-9e7d-a82889921718,old-stock-consulting,old-stock-consulting-project,container,default,│                                                                              │,"2/14/2026, 12:25:41 AM"
,"2/14/2026, 12:25:41 AM",mandelbrot,1,83a48371-e252-437c-9153-a95d3d02314c,9eca039a-9b05-155d-ab7f-84047e513a2b,ad3b2c71-b667-4537-9e7d-a82889921718,old-stock-consulting,old-stock-consulting-project,container,default,│ get_app_name                                                                 │,"2/14/2026, 12:25:41 AM"
,"2/14/2026, 12:25:41 AM",mandelbrot,1,83a48371-e252-437c-9153-a95d3d02314c,9eca039a-9b05-155d-ab7f-84047e513a2b,ad3b2c71-b667-4537-9e7d-a82889921718,old-stock-consulting,old-stock-consulting-project,container,default,│ /usr/local/lib/python3.13/site-packages/fastapi_cli/discover.py:70 in        │,"2/14/2026, 12:25:41 AM"
,"2/14/2026, 12:25:41 AM",mandelbrot,1,83a48371-e252-437c-9153-a95d3d02314c,9eca039a-9b05-155d-ab7f-84047e513a2b,ad3b2c71-b667-4537-9e7d-a82889921718,old-stock-consulting,old-stock-consulting-project,container,default,│                                                                              │,"2/14/2026, 12:25:41 AM"
,"2/14/2026, 12:25:41 AM",mandelbrot,1,83a48371-e252-437c-9153-a95d3d02314c,9eca039a-9b05-155d-ab7f-84047e513a2b,ad3b2c71-b667-4537-9e7d-a82889921718,old-stock-consulting,old-stock-consulting-project,container,default,│   129                                                                        │,"2/14/2026, 12:25:41 AM"
,"2/14/2026, 12:25:41 AM",mandelbrot,1,83a48371-e252-437c-9153-a95d3d02314c,9eca039a-9b05-155d-ab7f-84047e513a2b,ad3b2c71-b667-4537-9e7d-a82889921718,old-stock-consulting,old-stock-consulting-project,container,default,"│   128 │   import_string = f""{mod_data.module_import_str}:{use_app_name}""     │","2/14/2026, 12:25:41 AM"
,"2/14/2026, 12:25:41 AM",mandelbrot,1,83a48371-e252-437c-9153-a95d3d02314c,9eca039a-9b05-155d-ab7f-84047e513a2b,ad3b2c71-b667-4537-9e7d-a82889921718,old-stock-consulting,old-stock-consulting-project,container,default,│   127 │                                                                      │,"2/14/2026, 12:25:41 AM"
,"2/14/2026, 12:25:41 AM",mandelbrot,1,83a48371-e252-437c-9153-a95d3d02314c,9eca039a-9b05-155d-ab7f-84047e513a2b,ad3b2c71-b667-4537-9e7d-a82889921718,old-stock-consulting,old-stock-consulting-project,container,default,"│ ❱ 126 │   use_app_name = get_app_name(mod_data=mod_data, app_name=app_name)  │","2/14/2026, 12:25:41 AM"
,"2/14/2026, 12:25:41 AM",mandelbrot,1,83a48371-e252-437c-9153-a95d3d02314c,9eca039a-9b05-155d-ab7f-84047e513a2b,ad3b2c71-b667-4537-9e7d-a82889921718,old-stock-consulting,old-stock-consulting-project,container,default,"│   125 │   sys.path.insert(0, str(mod_data.extra_sys_path))                   │","2/14/2026, 12:25:41 AM"
,"2/14/2026, 12:25:41 AM",mandelbrot,1,83a48371-e252-437c-9153-a95d3d02314c,9eca039a-9b05-155d-ab7f-84047e513a2b,ad3b2c71-b667-4537-9e7d-a82889921718,old-stock-consulting,old-stock-consulting-project,container,default,│   124 │   mod_data = get_module_data_from_path(path)                         │,"2/14/2026, 12:25:41 AM"
,"2/14/2026, 12:25:41 AM",mandelbrot,1,83a48371-e252-437c-9153-a95d3d02314c,9eca039a-9b05-155d-ab7f-84047e513a2b,ad3b2c71-b667-4537-9e7d-a82889921718,old-stock-consulting,old-stock-consulting-project,container,default,"│   123 │   │   raise FastAPICLIException(f""Path does not exist {path}"")       │","2/14/2026, 12:25:41 AM"
,"2/14/2026, 12:25:41 AM",mandelbrot,1,83a48371-e252-437c-9153-a95d3d02314c,9eca039a-9b05-155d-ab7f-84047e513a2b,ad3b2c71-b667-4537-9e7d-a82889921718,old-stock-consulting,old-stock-consulting-project,container,default,│                                                                              │,"2/14/2026, 12:25:41 AM"
,"2/14/2026, 12:25:41 AM",mandelbrot,1,83a48371-e252-437c-9153-a95d3d02314c,9eca039a-9b05-155d-ab7f-84047e513a2b,ad3b2c71-b667-4537-9e7d-a82889921718,old-stock-consulting,old-stock-consulting-project,container,default,│ get_import_data                                                              │,"2/14/2026, 12:25:41 AM"
,"2/14/2026, 12:25:41 AM",mandelbrot,1,83a48371-e252-437c-9153-a95d3d02314c,9eca039a-9b05-155d-ab7f-84047e513a2b,ad3b2c71-b667-4537-9e7d-a82889921718,old-stock-consulting,old-stock-consulting-project,container,default,│ /usr/local/lib/python3.13/site-packages/fastapi_cli/discover.py:126 in       │,"2/14/2026, 12:25:41 AM"
,"2/14/2026, 12:25:41 AM",mandelbrot,1,83a48371-e252-437c-9153-a95d3d02314c,9eca039a-9b05-155d-ab7f-84047e513a2b,ad3b2c71-b667-4537-9e7d-a82889921718,old-stock-consulting,old-stock-consulting-project,container,default,│                                                                              │,"2/14/2026, 12:25:41 AM"
,"2/14/2026, 12:25:41 AM",mandelbrot,1,83a48371-e252-437c-9153-a95d3d02314c,9eca039a-9b05-155d-ab7f-84047e513a2b,ad3b2c71-b667-4537-9e7d-a82889921718,old-stock-consulting,old-stock-consulting-project,container,default,│   155 │   │   │   else:                                                      │,"2/14/2026, 12:25:41 AM"
,"2/14/2026, 12:25:41 AM",mandelbrot,1,83a48371-e252-437c-9153-a95d3d02314c,9eca039a-9b05-155d-ab7f-84047e513a2b,ad3b2c71-b667-4537-9e7d-a82889921718,old-stock-consulting,old-stock-consulting-project,container,default,│   154 │   │   │   │   import_data = get_import_data_from_import_string(confi │,"2/14/2026, 12:25:41 AM"
,"2/14/2026, 12:25:41 AM",mandelbrot,1,83a48371-e252-437c-9153-a95d3d02314c,9eca039a-9b05-155d-ab7f-84047e513a2b,ad3b2c71-b667-4537-9e7d-a82889921718,old-stock-consulting,old-stock-consulting-project,container,default,│   153 │   │   │   elif config.entrypoint:                                    │,"2/14/2026, 12:25:41 AM"
,"2/14/2026, 12:25:41 AM",mandelbrot,1,83a48371-e252-437c-9153-a95d3d02314c,9eca039a-9b05-155d-ab7f-84047e513a2b,ad3b2c71-b667-4537-9e7d-a82889921718,old-stock-consulting,old-stock-consulting-project,container,default,"│ ❱ 152 │   │   │   │   import_data = get_import_data(path=path, app_name=app) │","2/14/2026, 12:25:41 AM"
,"2/14/2026, 12:25:41 AM",mandelbrot,1,83a48371-e252-437c-9153-a95d3d02314c,9eca039a-9b05-155d-ab7f-84047e513a2b,ad3b2c71-b667-4537-9e7d-a82889921718,old-stock-consulting,old-stock-consulting-project,container,default,│   151 │   │   │   if path or app:                                            │,"2/14/2026, 12:25:41 AM"
,"2/14/2026, 12:25:41 AM",mandelbrot,1,83a48371-e252-437c-9153-a95d3d02314c,9eca039a-9b05-155d-ab7f-84047e513a2b,ad3b2c71-b667-4537-9e7d-a82889921718,old-stock-consulting,old-stock-consulting-project,container,default,│   150 │   │   │   # Resolve import data with priority: CLI path/app > config │,"2/14/2026, 12:25:41 AM"
,"2/14/2026, 12:25:41 AM",mandelbrot,1,83a48371-e252-437c-9153-a95d3d02314c,9eca039a-9b05-155d-ab7f-84047e513a2b,ad3b2c71-b667-4537-9e7d-a82889921718,old-stock-consulting,old-stock-consulting-project,container,default,│   149 │   │   try:                                                           │,"2/14/2026, 12:25:41 AM"
,"2/14/2026, 12:25:41 AM",mandelbrot,1,83a48371-e252-437c-9153-a95d3d02314c,9eca039a-9b05-155d-ab7f-84047e513a2b,ad3b2c71-b667-4537-9e7d-a82889921718,old-stock-consulting,old-stock-consulting-project,container,default,│                                                                              │,"2/14/2026, 12:25:41 AM"
,"2/14/2026, 12:25:41 AM",mandelbrot,1,83a48371-e252-437c-9153-a95d3d02314c,9eca039a-9b05-155d-ab7f-84047e513a2b,ad3b2c71-b667-4537-9e7d-a82889921718,old-stock-consulting,old-stock-consulting-project,container,default,│ /usr/local/lib/python3.13/site-packages/fastapi_cli/cli.py:152 in _run       │,"2/14/2026, 12:25:41 AM"
,"2/14/2026, 12:25:41 AM",mandelbrot,1,83a48371-e252-437c-9153-a95d3d02314c,9eca039a-9b05-155d-ab7f-84047e513a2b,ad3b2c71-b667-4537-9e7d-a82889921718,old-stock-consulting,old-stock-consulting-project,container,default,│                                                                              │,"2/14/2026, 12:25:41 AM"
,"2/14/2026, 12:25:41 AM",mandelbrot,1,83a48371-e252-437c-9153-a95d3d02314c,9eca039a-9b05-155d-ab7f-84047e513a2b,ad3b2c71-b667-4537-9e7d-a82889921718,old-stock-consulting,old-stock-consulting-project,container,default,"│   438 │   │   port=port,                                                     │","2/14/2026, 12:25:41 AM"
,"2/14/2026, 12:25:41 AM",mandelbrot,1,83a48371-e252-437c-9153-a95d3d02314c,9eca039a-9b05-155d-ab7f-84047e513a2b,ad3b2c71-b667-4537-9e7d-a82889921718,old-stock-consulting,old-stock-consulting-project,container,default,"│   437 │   │   host=host,                                                     │","2/14/2026, 12:25:41 AM"
,"2/14/2026, 12:25:41 AM",mandelbrot,1,83a48371-e252-437c-9153-a95d3d02314c,9eca039a-9b05-155d-ab7f-84047e513a2b,ad3b2c71-b667-4537-9e7d-a82889921718,old-stock-consulting,old-stock-consulting-project,container,default,"│   436 │   │   path=path,                                                     │","2/14/2026, 12:25:41 AM"
,"2/14/2026, 12:25:41 AM",mandelbrot,1,83a48371-e252-437c-9153-a95d3d02314c,9eca039a-9b05-155d-ab7f-84047e513a2b,ad3b2c71-b667-4537-9e7d-a82889921718,old-stock-consulting,old-stock-consulting-project,container,default,│ ❱ 435 │   _run(                                                              │,"2/14/2026, 12:25:41 AM"
,"2/14/2026, 12:25:41 AM",mandelbrot,1,83a48371-e252-437c-9153-a95d3d02314c,9eca039a-9b05-155d-ab7f-84047e513a2b,ad3b2c71-b667-4537-9e7d-a82889921718,old-stock-consulting,old-stock-consulting-project,container,default,"│   434 │   """"""                                                                │","2/14/2026, 12:25:41 AM"
,"2/14/2026, 12:25:41 AM",mandelbrot,1,83a48371-e252-437c-9153-a95d3d02314c,9eca039a-9b05-155d-ab7f-84047e513a2b,ad3b2c71-b667-4537-9e7d-a82889921718,old-stock-consulting,old-stock-consulting-project,container,default,"│   433 │   Otherwise, it uses the first [bold]FastAPI[/bold] app found in the │","2/14/2026, 12:25:41 AM"
,"2/14/2026, 12:25:41 AM",mandelbrot,1,83a48371-e252-437c-9153-a95d3d02314c,9eca039a-9b05-155d-ab7f-84047e513a2b,ad3b2c71-b667-4537-9e7d-a82889921718,old-stock-consulting,old-stock-consulting-project,container,default,│   432 │                                                                      │,"2/14/2026, 12:25:41 AM"
,"2/14/2026, 12:25:41 AM",mandelbrot,1,83a48371-e252-437c-9153-a95d3d02314c,9eca039a-9b05-155d-ab7f-84047e513a2b,ad3b2c71-b667-4537-9e7d-a82889921718,old-stock-consulting,old-stock-consulting-project,container,default,│                                                                              │,"2/14/2026, 12:25:41 AM"
,"2/14/2026, 12:25:41 AM",mandelbrot,1,83a48371-e252-437c-9153-a95d3d02314c,9eca039a-9b05-155d-ab7f-84047e513a2b,ad3b2c71-b667-4537-9e7d-a82889921718,old-stock-consulting,old-stock-consulting-project,container,default,│ /usr/local/lib/python3.13/site-packages/fastapi_cli/cli.py:435 in run        │,"2/14/2026, 12:25:41 AM"
,"2/14/2026, 12:25:41 AM",mandelbrot,1,83a48371-e252-437c-9153-a95d3d02314c,9eca039a-9b05-155d-ab7f-84047e513a2b,ad3b2c71-b667-4537-9e7d-a82889921718,old-stock-consulting,old-stock-consulting-project,container,default,╭───────────────────── Traceback (most recent call last) ──────────────────────╮,"2/14/2026, 12:25:41 AM"
,"2/14/2026, 12:25:41 AM",mandelbrot,1,83a48371-e252-437c-9153-a95d3d02314c,9eca039a-9b05-155d-ab7f-84047e513a2b,ad3b2c71-b667-4537-9e7d-a82889921718,old-stock-consulting,old-stock-consulting-project,container,default,,"2/14/2026, 12:25:40 AM"
,"2/14/2026, 12:25:41 AM",mandelbrot,1,83a48371-e252-437c-9153-a95d3d02314c,9eca039a-9b05-155d-ab7f-84047e513a2b,ad3b2c71-b667-4537-9e7d-a82889921718,old-stock-consulting,old-stock-consulting-project,container,default,WARNING  Ensure all the package directories have an __init__.py file            ,"2/14/2026, 12:25:40 AM"
,"2/14/2026, 12:25:41 AM",mandelbrot,1,83a48371-e252-437c-9153-a95d3d02314c,9eca039a-9b05-155d-ab7f-84047e513a2b,ad3b2c71-b667-4537-9e7d-a82889921718,old-stock-consulting,old-stock-consulting-project,container,default,ERROR    Import error: No module named 'mandelbrot'                             ,"2/14/2026, 12:25:40 AM"
,"2/14/2026, 12:25:41 AM",mandelbrot,1,83a48371-e252-437c-9153-a95d3d02314c,9eca039a-9b05-155d-ab7f-84047e513a2b,ad3b2c71-b667-4537-9e7d-a82889921718,old-stock-consulting,old-stock-consulting-project,container,default,             __init__.py files                                                  ,"2/14/2026, 12:25:40 AM"
,"2/14/2026, 12:25:41 AM",mandelbrot,1,83a48371-e252-437c-9153-a95d3d02314c,9eca039a-9b05-155d-ab7f-84047e513a2b,ad3b2c71-b667-4537-9e7d-a82889921718,old-stock-consulting,old-stock-consulting-project,container,default,             Searching for package file structure from directories with         ,"2/14/2026, 12:25:40 AM"
,"2/14/2026, 12:25:41 AM",mandelbrot,1,83a48371-e252-437c-9153-a95d3d02314c,9eca039a-9b05-155d-ab7f-84047e513a2b,ad3b2c71-b667-4537-9e7d-a82889921718,old-stock-consulting,old-stock-consulting-project,container,default, ,"2/14/2026, 12:25:40 AM"
,"2/14/2026, 12:25:41 AM",mandelbrot,1,83a48371-e252-437c-9153-a95d3d02314c,9eca039a-9b05-155d-ab7f-84047e513a2b,ad3b2c71-b667-4537-9e7d-a82889921718,old-stock-consulting,old-stock-consulting-project,container,default,   FastAPI   Starting production server 🚀,"2/14/2026, 12:25:40 AM"
,"2/14/2026, 12:25:35 AM",mandelbrot,1,d00045f2-c4ef-4f80-a95c-f3c59ffb00b1,8707d2d4-4ce6-c55f-b3a0-f3d52e4e57dd,ad3b2c71-b667-4537-9e7d-a82889921718,old-stock-consulting,old-stock-consulting-project,container,default,ModuleNotFoundError: No module named 'mandelbrot',"2/14/2026, 12:25:35 AM"
,"2/14/2026, 12:25:35 AM",mandelbrot,1,d00045f2-c4ef-4f80-a95c-f3c59ffb00b1,8707d2d4-4ce6-c55f-b3a0-f3d52e4e57dd,ad3b2c71-b667-4537-9e7d-a82889921718,old-stock-consulting,old-stock-consulting-project,container,default,╰──────────────────────────────────────────────────────────────────────────────╯,"2/14/2026, 12:25:35 AM"
,"2/14/2026, 12:25:35 AM",mandelbrot,1,d00045f2-c4ef-4f80-a95c-f3c59ffb00b1,8707d2d4-4ce6-c55f-b3a0-f3d52e4e57dd,ad3b2c71-b667-4537-9e7d-a82889921718,old-stock-consulting,old-stock-consulting-project,container,default,│     7 from fastapi.responses import RedirectResponse                         │,"2/14/2026, 12:25:35 AM"
,"2/14/2026, 12:25:35 AM",mandelbrot,1,d00045f2-c4ef-4f80-a95c-f3c59ffb00b1,8707d2d4-4ce6-c55f-b3a0-f3d52e4e57dd,ad3b2c71-b667-4537-9e7d-a82889921718,old-stock-consulting,old-stock-consulting-project,container,default,"│     6 from fastapi import FastAPI, status                                    │","2/14/2026, 12:25:35 AM"
,"2/14/2026, 12:25:35 AM",mandelbrot,1,d00045f2-c4ef-4f80-a95c-f3c59ffb00b1,8707d2d4-4ce6-c55f-b3a0-f3d52e4e57dd,ad3b2c71-b667-4537-9e7d-a82889921718,old-stock-consulting,old-stock-consulting-project,container,default,│     5 import uvicorn                                                         │,"2/14/2026, 12:25:35 AM"
,"2/14/2026, 12:25:35 AM",mandelbrot,1,d00045f2-c4ef-4f80-a95c-f3c59ffb00b1,8707d2d4-4ce6-c55f-b3a0-f3d52e4e57dd,ad3b2c71-b667-4537-9e7d-a82889921718,old-stock-consulting,old-stock-consulting-project,container,default,│ ❱   4 import mandelbrot                                                      │,"2/14/2026, 12:25:35 AM"
,"2/14/2026, 12:25:35 AM",mandelbrot,1,d00045f2-c4ef-4f80-a95c-f3c59ffb00b1,8707d2d4-4ce6-c55f-b3a0-f3d52e4e57dd,ad3b2c71-b667-4537-9e7d-a82889921718,old-stock-consulting,old-stock-consulting-project,container,default,│     3 import logging                                                         │,"2/14/2026, 12:25:35 AM"
,"2/14/2026, 12:25:35 AM",mandelbrot,1,d00045f2-c4ef-4f80-a95c-f3c59ffb00b1,8707d2d4-4ce6-c55f-b3a0-f3d52e4e57dd,ad3b2c71-b667-4537-9e7d-a82889921718,old-stock-consulting,old-stock-consulting-project,container,default,│     2 import base64                                                          │,"2/14/2026, 12:25:35 AM"
,"2/14/2026, 12:25:35 AM",mandelbrot,1,d00045f2-c4ef-4f80-a95c-f3c59ffb00b1,8707d2d4-4ce6-c55f-b3a0-f3d52e4e57dd,ad3b2c71-b667-4537-9e7d-a82889921718,old-stock-consulting,old-stock-consulting-project,container,default,│     1 import asyncio                                                         │,"2/14/2026, 12:25:35 AM"
,"2/14/2026, 12:25:35 AM",mandelbrot,1,d00045f2-c4ef-4f80-a95c-f3c59ffb00b1,8707d2d4-4ce6-c55f-b3a0-f3d52e4e57dd,ad3b2c71-b667-4537-9e7d-a82889921718,old-stock-consulting,old-stock-consulting-project,container,default,│                                                                              │,"2/14/2026, 12:25:35 AM"
,"2/14/2026, 12:25:35 AM",mandelbrot,1,d00045f2-c4ef-4f80-a95c-f3c59ffb00b1,8707d2d4-4ce6-c55f-b3a0-f3d52e4e57dd,ad3b2c71-b667-4537-9e7d-a82889921718,old-stock-consulting,old-stock-consulting-project,container,default,│ /app/main.py:4 in <module>                                                   │,"2/14/2026, 12:25:35 AM"
,"2/14/2026, 12:25:35 AM",mandelbrot,1,d00045f2-c4ef-4f80-a95c-f3c59ffb00b1,8707d2d4-4ce6-c55f-b3a0-f3d52e4e57dd,ad3b2c71-b667-4537-9e7d-a82889921718,old-stock-consulting,old-stock-consulting-project,container,default,│                                                                              │,"2/14/2026, 12:25:35 AM"
,"2/14/2026, 12:25:35 AM",mandelbrot,1,d00045f2-c4ef-4f80-a95c-f3c59ffb00b1,8707d2d4-4ce6-c55f-b3a0-f3d52e4e57dd,ad3b2c71-b667-4537-9e7d-a82889921718,old-stock-consulting,old-stock-consulting-project,container,default,│ in _call_with_frames_removed:488                                             │,"2/14/2026, 12:25:35 AM"
,"2/14/2026, 12:25:35 AM",mandelbrot,1,d00045f2-c4ef-4f80-a95c-f3c59ffb00b1,8707d2d4-4ce6-c55f-b3a0-f3d52e4e57dd,ad3b2c71-b667-4537-9e7d-a82889921718,old-stock-consulting,old-stock-consulting-project,container,default,│ in exec_module:1026                                                          │,"2/14/2026, 12:25:35 AM"
,"2/14/2026, 12:25:35 AM",mandelbrot,1,d00045f2-c4ef-4f80-a95c-f3c59ffb00b1,8707d2d4-4ce6-c55f-b3a0-f3d52e4e57dd,ad3b2c71-b667-4537-9e7d-a82889921718,old-stock-consulting,old-stock-consulting-project,container,default,│ in _load_unlocked:935                                                        │,"2/14/2026, 12:25:35 AM"
,"2/14/2026, 12:25:35 AM",mandelbrot,1,d00045f2-c4ef-4f80-a95c-f3c59ffb00b1,8707d2d4-4ce6-c55f-b3a0-f3d52e4e57dd,ad3b2c71-b667-4537-9e7d-a82889921718,old-stock-consulting,old-stock-consulting-project,container,default,│ in _find_and_load_unlocked:1331                                              │,"2/14/2026, 12:25:35 AM"
,"2/14/2026, 12:25:35 AM",mandelbrot,1,d00045f2-c4ef-4f80-a95c-f3c59ffb00b1,8707d2d4-4ce6-c55f-b3a0-f3d52e4e57dd,ad3b2c71-b667-4537-9e7d-a82889921718,old-stock-consulting,old-stock-consulting-project,container,default,│ in _find_and_load:1360                                                       │,"2/14/2026, 12:25:35 AM"
,"2/14/2026, 12:25:35 AM",mandelbrot,1,d00045f2-c4ef-4f80-a95c-f3c59ffb00b1,8707d2d4-4ce6-c55f-b3a0-f3d52e4e57dd,ad3b2c71-b667-4537-9e7d-a82889921718,old-stock-consulting,old-stock-consulting-project,container,default,│ in _gcd_import:1387                                                          │,"2/14/2026, 12:25:35 AM"
,"2/14/2026, 12:25:35 AM",mandelbrot,1,d00045f2-c4ef-4f80-a95c-f3c59ffb00b1,8707d2d4-4ce6-c55f-b3a0-f3d52e4e57dd,ad3b2c71-b667-4537-9e7d-a82889921718,old-stock-consulting,old-stock-consulting-project,container,default,│    91 _RELOADING = {}                                                        │,"2/14/2026, 12:25:35 AM"
,"2/14/2026, 12:25:35 AM",mandelbrot,1,d00045f2-c4ef-4f80-a95c-f3c59ffb00b1,8707d2d4-4ce6-c55f-b3a0-f3d52e4e57dd,ad3b2c71-b667-4537-9e7d-a82889921718,old-stock-consulting,old-stock-consulting-project,container,default,│    90                                                                        │,"2/14/2026, 12:25:35 AM"
,"2/14/2026, 12:25:35 AM",mandelbrot,1,d00045f2-c4ef-4f80-a95c-f3c59ffb00b1,8707d2d4-4ce6-c55f-b3a0-f3d52e4e57dd,ad3b2c71-b667-4537-9e7d-a82889921718,old-stock-consulting,old-stock-consulting-project,container,default,│    89                                                                        │,"2/14/2026, 12:25:35 AM"
,"2/14/2026, 12:25:35 AM",mandelbrot,1,d00045f2-c4ef-4f80-a95c-f3c59ffb00b1,8707d2d4-4ce6-c55f-b3a0-f3d52e4e57dd,ad3b2c71-b667-4537-9e7d-a82889921718,old-stock-consulting,old-stock-consulting-project,container,default,"│ ❱  88 │   return _bootstrap._gcd_import(name[level:], package, level)        │","2/14/2026, 12:25:35 AM"
,"2/14/2026, 12:25:35 AM",mandelbrot,1,d00045f2-c4ef-4f80-a95c-f3c59ffb00b1,8707d2d4-4ce6-c55f-b3a0-f3d52e4e57dd,ad3b2c71-b667-4537-9e7d-a82889921718,old-stock-consulting,old-stock-consulting-project,container,default,│    87 │   │   │   level += 1                                                 │,"2/14/2026, 12:25:35 AM"
,"2/14/2026, 12:25:35 AM",mandelbrot,1,d00045f2-c4ef-4f80-a95c-f3c59ffb00b1,8707d2d4-4ce6-c55f-b3a0-f3d52e4e57dd,ad3b2c71-b667-4537-9e7d-a82889921718,old-stock-consulting,old-stock-consulting-project,container,default,│    86 │   │   │   │   break                                                  │,"2/14/2026, 12:25:35 AM"
,"2/14/2026, 12:25:35 AM",mandelbrot,1,d00045f2-c4ef-4f80-a95c-f3c59ffb00b1,8707d2d4-4ce6-c55f-b3a0-f3d52e4e57dd,ad3b2c71-b667-4537-9e7d-a82889921718,old-stock-consulting,old-stock-consulting-project,container,default,│    85 │   │   │   if character != '.':                                       │,"2/14/2026, 12:25:35 AM"
,"2/14/2026, 12:25:35 AM",mandelbrot,1,d00045f2-c4ef-4f80-a95c-f3c59ffb00b1,8707d2d4-4ce6-c55f-b3a0-f3d52e4e57dd,ad3b2c71-b667-4537-9e7d-a82889921718,old-stock-consulting,old-stock-consulting-project,container,default,│                                                                              │,"2/14/2026, 12:25:35 AM"
,"2/14/2026, 12:25:35 AM",mandelbrot,1,d00045f2-c4ef-4f80-a95c-f3c59ffb00b1,8707d2d4-4ce6-c55f-b3a0-f3d52e4e57dd,ad3b2c71-b667-4537-9e7d-a82889921718,old-stock-consulting,old-stock-consulting-project,container,default,│ /usr/local/lib/python3.13/importlib/__init__.py:88 in import_module          │,"2/14/2026, 12:25:35 AM"
,"2/14/2026, 12:25:35 AM",mandelbrot,1,d00045f2-c4ef-4f80-a95c-f3c59ffb00b1,8707d2d4-4ce6-c55f-b3a0-f3d52e4e57dd,ad3b2c71-b667-4537-9e7d-a82889921718,old-stock-consulting,old-stock-consulting-project,container,default,│                                                                              │,"2/14/2026, 12:25:35 AM"
,"2/14/2026, 12:25:35 AM",mandelbrot,1,d00045f2-c4ef-4f80-a95c-f3c59ffb00b1,8707d2d4-4ce6-c55f-b3a0-f3d52e4e57dd,ad3b2c71-b667-4537-9e7d-a82889921718,old-stock-consulting,old-stock-consulting-project,container,default,│    73 │   │   logger.warning(                                                │,"2/14/2026, 12:25:35 AM"
,"2/14/2026, 12:25:35 AM",mandelbrot,1,d00045f2-c4ef-4f80-a95c-f3c59ffb00b1,8707d2d4-4ce6-c55f-b3a0-f3d52e4e57dd,ad3b2c71-b667-4537-9e7d-a82889921718,old-stock-consulting,old-stock-consulting-project,container,default,"│    72 │   │   logger.error(f""Import error: {e}"")                             │","2/14/2026, 12:25:35 AM"
,"2/14/2026, 12:25:35 AM",mandelbrot,1,d00045f2-c4ef-4f80-a95c-f3c59ffb00b1,8707d2d4-4ce6-c55f-b3a0-f3d52e4e57dd,ad3b2c71-b667-4537-9e7d-a82889921718,old-stock-consulting,old-stock-consulting-project,container,default,"│    71 │   except (ImportError, ValueError) as e:                             │","2/14/2026, 12:25:35 AM"
,"2/14/2026, 12:25:35 AM",mandelbrot,1,d00045f2-c4ef-4f80-a95c-f3c59ffb00b1,8707d2d4-4ce6-c55f-b3a0-f3d52e4e57dd,ad3b2c71-b667-4537-9e7d-a82889921718,old-stock-consulting,old-stock-consulting-project,container,default,│ ❱  70 │   │   mod = importlib.import_module(mod_data.module_import_str)      │,"2/14/2026, 12:25:35 AM"
,"2/14/2026, 12:25:35 AM",mandelbrot,1,d00045f2-c4ef-4f80-a95c-f3c59ffb00b1,8707d2d4-4ce6-c55f-b3a0-f3d52e4e57dd,ad3b2c71-b667-4537-9e7d-a82889921718,old-stock-consulting,old-stock-consulting-project,container,default,│    69 │   try:                                                               │,"2/14/2026, 12:25:35 AM"
,"2/14/2026, 12:25:35 AM",mandelbrot,1,d00045f2-c4ef-4f80-a95c-f3c59ffb00b1,8707d2d4-4ce6-c55f-b3a0-f3d52e4e57dd,ad3b2c71-b667-4537-9e7d-a82889921718,old-stock-consulting,old-stock-consulting-project,container,default,"│    68 def get_app_name(*, mod_data: ModuleData, app_name: Union[str, None] = │","2/14/2026, 12:25:35 AM"
,"2/14/2026, 12:25:35 AM",mandelbrot,1,d00045f2-c4ef-4f80-a95c-f3c59ffb00b1,8707d2d4-4ce6-c55f-b3a0-f3d52e4e57dd,ad3b2c71-b667-4537-9e7d-a82889921718,old-stock-consulting,old-stock-consulting-project,container,default,│    67                                                                        │,"2/14/2026, 12:25:35 AM"
,"2/14/2026, 12:25:35 AM",mandelbrot,1,d00045f2-c4ef-4f80-a95c-f3c59ffb00b1,8707d2d4-4ce6-c55f-b3a0-f3d52e4e57dd,ad3b2c71-b667-4537-9e7d-a82889921718,old-stock-consulting,old-stock-consulting-project,container,default,│                                                                              │,"2/14/2026, 12:25:35 AM"
,"2/14/2026, 12:25:35 AM",mandelbrot,1,d00045f2-c4ef-4f80-a95c-f3c59ffb00b1,8707d2d4-4ce6-c55f-b3a0-f3d52e4e57dd,ad3b2c71-b667-4537-9e7d-a82889921718,old-stock-consulting,old-stock-consulting-project,container,default,│ get_app_name                                                                 │,"2/14/2026, 12:25:35 AM"
,"2/14/2026, 12:25:35 AM",mandelbrot,1,d00045f2-c4ef-4f80-a95c-f3c59ffb00b1,8707d2d4-4ce6-c55f-b3a0-f3d52e4e57dd,ad3b2c71-b667-4537-9e7d-a82889921718,old-stock-consulting,old-stock-consulting-project,container,default,│ /usr/local/lib/python3.13/site-packages/fastapi_cli/discover.py:70 in        │,"2/14/2026, 12:25:35 AM"
,"2/14/2026, 12:25:35 AM",mandelbrot,1,d00045f2-c4ef-4f80-a95c-f3c59ffb00b1,8707d2d4-4ce6-c55f-b3a0-f3d52e4e57dd,ad3b2c71-b667-4537-9e7d-a82889921718,old-stock-consulting,old-stock-consulting-project,container,default,│                                                                              │,"2/14/2026, 12:25:35 AM"
,"2/14/2026, 12:25:35 AM",mandelbrot,1,d00045f2-c4ef-4f80-a95c-f3c59ffb00b1,8707d2d4-4ce6-c55f-b3a0-f3d52e4e57dd,ad3b2c71-b667-4537-9e7d-a82889921718,old-stock-consulting,old-stock-consulting-project,container,default,│   129                                                                        │,"2/14/2026, 12:25:35 AM"
,"2/14/2026, 12:25:35 AM",mandelbrot,1,d00045f2-c4ef-4f80-a95c-f3c59ffb00b1,8707d2d4-4ce6-c55f-b3a0-f3d52e4e57dd,ad3b2c71-b667-4537-9e7d-a82889921718,old-stock-consulting,old-stock-consulting-project,container,default,"│   128 │   import_string = f""{mod_data.module_import_str}:{use_app_name}""     │","2/14/2026, 12:25:35 AM"
,"2/14/2026, 12:25:35 AM",mandelbrot,1,d00045f2-c4ef-4f80-a95c-f3c59ffb00b1,8707d2d4-4ce6-c55f-b3a0-f3d52e4e57dd,ad3b2c71-b667-4537-9e7d-a82889921718,old-stock-consulting,old-stock-consulting-project,container,default,│   127 │                                                                      │,"2/14/2026, 12:25:35 AM"
,"2/14/2026, 12:25:35 AM",mandelbrot,1,d00045f2-c4ef-4f80-a95c-f3c59ffb00b1,8707d2d4-4ce6-c55f-b3a0-f3d52e4e57dd,ad3b2c71-b667-4537-9e7d-a82889921718,old-stock-consulting,old-stock-consulting-project,container,default,"│ ❱ 126 │   use_app_name = get_app_name(mod_data=mod_data, app_name=app_name)  │","2/14/2026, 12:25:35 AM"
,"2/14/2026, 12:25:35 AM",mandelbrot,1,d00045f2-c4ef-4f80-a95c-f3c59ffb00b1,8707d2d4-4ce6-c55f-b3a0-f3d52e4e57dd,ad3b2c71-b667-4537-9e7d-a82889921718,old-stock-consulting,old-stock-consulting-project,container,default,"│   125 │   sys.path.insert(0, str(mod_data.extra_sys_path))                   │","2/14/2026, 12:25:35 AM"
,"2/14/2026, 12:25:35 AM",mandelbrot,1,d00045f2-c4ef-4f80-a95c-f3c59ffb00b1,8707d2d4-4ce6-c55f-b3a0-f3d52e4e57dd,ad3b2c71-b667-4537-9e7d-a82889921718,old-stock-consulting,old-stock-consulting-project,container,default,│   124 │   mod_data = get_module_data_from_path(path)                         │,"2/14/2026, 12:25:35 AM"
,"2/14/2026, 12:25:35 AM",mandelbrot,1,d00045f2-c4ef-4f80-a95c-f3c59ffb00b1,8707d2d4-4ce6-c55f-b3a0-f3d52e4e57dd,ad3b2c71-b667-4537-9e7d-a82889921718,old-stock-consulting,old-stock-consulting-project,container,default,"│   123 │   │   raise FastAPICLIException(f""Path does not exist {path}"")       │","2/14/2026, 12:25:35 AM"
,"2/14/2026, 12:25:35 AM",mandelbrot,1,d00045f2-c4ef-4f80-a95c-f3c59ffb00b1,8707d2d4-4ce6-c55f-b3a0-f3d52e4e57dd,ad3b2c71-b667-4537-9e7d-a82889921718,old-stock-consulting,old-stock-consulting-project,container,default,│                                                                              │,"2/14/2026, 12:25:35 AM"
,"2/14/2026, 12:25:35 AM",mandelbrot,1,d00045f2-c4ef-4f80-a95c-f3c59ffb00b1,8707d2d4-4ce6-c55f-b3a0-f3d52e4e57dd,ad3b2c71-b667-4537-9e7d-a82889921718,old-stock-consulting,old-stock-consulting-project,container,default,│ get_import_data                                                              │,"2/14/2026, 12:25:35 AM"
,"2/14/2026, 12:25:35 AM",mandelbrot,1,d00045f2-c4ef-4f80-a95c-f3c59ffb00b1,8707d2d4-4ce6-c55f-b3a0-f3d52e4e57dd,ad3b2c71-b667-4537-9e7d-a82889921718,old-stock-consulting,old-stock-consulting-project,container,default,│ /usr/local/lib/python3.13/site-packages/fastapi_cli/discover.py:126 in       │,"2/14/2026, 12:25:35 AM"
,"2/14/2026, 12:25:35 AM",mandelbrot,1,d00045f2-c4ef-4f80-a95c-f3c59ffb00b1,8707d2d4-4ce6-c55f-b3a0-f3d52e4e57dd,ad3b2c71-b667-4537-9e7d-a82889921718,old-stock-consulting,old-stock-consulting-project,container,default,│                                                                              │,"2/14/2026, 12:25:35 AM"
,"2/14/2026, 12:25:35 AM",mandelbrot,1,d00045f2-c4ef-4f80-a95c-f3c59ffb00b1,8707d2d4-4ce6-c55f-b3a0-f3d52e4e57dd,ad3b2c71-b667-4537-9e7d-a82889921718,old-stock-consulting,old-stock-consulting-project,container,default,│   155 │   │   │   else:                                                      │,"2/14/2026, 12:25:35 AM"
,"2/14/2026, 12:25:35 AM",mandelbrot,1,d00045f2-c4ef-4f80-a95c-f3c59ffb00b1,8707d2d4-4ce6-c55f-b3a0-f3d52e4e57dd,ad3b2c71-b667-4537-9e7d-a82889921718,old-stock-consulting,old-stock-consulting-project,container,default,│   154 │   │   │   │   import_data = get_import_data_from_import_string(confi │,"2/14/2026, 12:25:35 AM"
,"2/14/2026, 12:25:35 AM",mandelbrot,1,d00045f2-c4ef-4f80-a95c-f3c59ffb00b1,8707d2d4-4ce6-c55f-b3a0-f3d52e4e57dd,ad3b2c71-b667-4537-9e7d-a82889921718,old-stock-consulting,old-stock-consulting-project,container,default,│   153 │   │   │   elif config.entrypoint:                                    │,"2/14/2026, 12:25:35 AM"
,"2/14/2026, 12:25:35 AM",mandelbrot,1,d00045f2-c4ef-4f80-a95c-f3c59ffb00b1,8707d2d4-4ce6-c55f-b3a0-f3d52e4e57dd,ad3b2c71-b667-4537-9e7d-a82889921718,old-stock-consulting,old-stock-consulting-project,container,default,"│ ❱ 152 │   │   │   │   import_data = get_import_data(path=path, app_name=app) │","2/14/2026, 12:25:35 AM"
,"2/14/2026, 12:25:35 AM",mandelbrot,1,d00045f2-c4ef-4f80-a95c-f3c59ffb00b1,8707d2d4-4ce6-c55f-b3a0-f3d52e4e57dd,ad3b2c71-b667-4537-9e7d-a82889921718,old-stock-consulting,old-stock-consulting-project,container,default,│   151 │   │   │   if path or app:                                            │,"2/14/2026, 12:25:35 AM"
,"2/14/2026, 12:25:35 AM",mandelbrot,1,d00045f2-c4ef-4f80-a95c-f3c59ffb00b1,8707d2d4-4ce6-c55f-b3a0-f3d52e4e57dd,ad3b2c71-b667-4537-9e7d-a82889921718,old-stock-consulting,old-stock-consulting-project,container,default,│   150 │   │   │   # Resolve import data with priority: CLI path/app > config │,"2/14/2026, 12:25:35 AM"
,"2/14/2026, 12:25:35 AM",mandelbrot,1,d00045f2-c4ef-4f80-a95c-f3c59ffb00b1,8707d2d4-4ce6-c55f-b3a0-f3d52e4e57dd,ad3b2c71-b667-4537-9e7d-a82889921718,old-stock-consulting,old-stock-consulting-project,container,default,│   149 │   │   try:                                                           │,"2/14/2026, 12:25:35 AM"
,"2/14/2026, 12:25:35 AM",mandelbrot,1,d00045f2-c4ef-4f80-a95c-f3c59ffb00b1,8707d2d4-4ce6-c55f-b3a0-f3d52e4e57dd,ad3b2c71-b667-4537-9e7d-a82889921718,old-stock-consulting,old-stock-consulting-project,container,default,│                                                                              │,"2/14/2026, 12:25:35 AM"
,"2/14/2026, 12:25:35 AM",mandelbrot,1,d00045f2-c4ef-4f80-a95c-f3c59ffb00b1,8707d2d4-4ce6-c55f-b3a0-f3d52e4e57dd,ad3b2c71-b667-4537-9e7d-a82889921718,old-stock-consulting,old-stock-consulting-project,container,default,│ /usr/local/lib/python3.13/site-packages/fastapi_cli/cli.py:152 in _run       │,"2/14/2026, 12:25:35 AM"
,"2/14/2026, 12:25:35 AM",mandelbrot,1,d00045f2-c4ef-4f80-a95c-f3c59ffb00b1,8707d2d4-4ce6-c55f-b3a0-f3d52e4e57dd,ad3b2c71-b667-4537-9e7d-a82889921718,old-stock-consulting,old-stock-consulting-project,container,default,│                                                                              │,"2/14/2026, 12:25:35 AM"
,"2/14/2026, 12:25:35 AM",mandelbrot,1,d00045f2-c4ef-4f80-a95c-f3c59ffb00b1,8707d2d4-4ce6-c55f-b3a0-f3d52e4e57dd,ad3b2c71-b667-4537-9e7d-a82889921718,old-stock-consulting,old-stock-consulting-project,container,default,"│   438 │   │   port=port,                                                     │","2/14/2026, 12:25:35 AM"
,"2/14/2026, 12:25:35 AM",mandelbrot,1,d00045f2-c4ef-4f80-a95c-f3c59ffb00b1,8707d2d4-4ce6-c55f-b3a0-f3d52e4e57dd,ad3b2c71-b667-4537-9e7d-a82889921718,old-stock-consulting,old-stock-consulting-project,container,default,"│   437 │   │   host=host,                                                     │","2/14/2026, 12:25:35 AM"
,"2/14/2026, 12:25:35 AM",mandelbrot,1,d00045f2-c4ef-4f80-a95c-f3c59ffb00b1,8707d2d4-4ce6-c55f-b3a0-f3d52e4e57dd,ad3b2c71-b667-4537-9e7d-a82889921718,old-stock-consulting,old-stock-consulting-project,container,default,"│   436 │   │   path=path,                                                     │","2/14/2026, 12:25:35 AM"
,"2/14/2026, 12:25:35 AM",mandelbrot,1,d00045f2-c4ef-4f80-a95c-f3c59ffb00b1,8707d2d4-4ce6-c55f-b3a0-f3d52e4e57dd,ad3b2c71-b667-4537-9e7d-a82889921718,old-stock-consulting,old-stock-consulting-project,container,default,│ ❱ 435 │   _run(                                                              │,"2/14/2026, 12:25:35 AM"
,"2/14/2026, 12:25:35 AM",mandelbrot,1,d00045f2-c4ef-4f80-a95c-f3c59ffb00b1,8707d2d4-4ce6-c55f-b3a0-f3d52e4e57dd,ad3b2c71-b667-4537-9e7d-a82889921718,old-stock-consulting,old-stock-consulting-project,container,default,"│   434 │   """"""                                                                │","2/14/2026, 12:25:35 AM"
,"2/14/2026, 12:25:35 AM",mandelbrot,1,d00045f2-c4ef-4f80-a95c-f3c59ffb00b1,8707d2d4-4ce6-c55f-b3a0-f3d52e4e57dd,ad3b2c71-b667-4537-9e7d-a82889921718,old-stock-consulting,old-stock-consulting-project,container,default,"│   433 │   Otherwise, it uses the first [bold]FastAPI[/bold] app found in the │","2/14/2026, 12:25:35 AM"
,"2/14/2026, 12:25:35 AM",mandelbrot,1,d00045f2-c4ef-4f80-a95c-f3c59ffb00b1,8707d2d4-4ce6-c55f-b3a0-f3d52e4e57dd,ad3b2c71-b667-4537-9e7d-a82889921718,old-stock-consulting,old-stock-consulting-project,container,default,│   432 │                                                                      │,"2/14/2026, 12:25:35 AM"
,"2/14/2026, 12:25:35 AM",mandelbrot,1,d00045f2-c4ef-4f80-a95c-f3c59ffb00b1,8707d2d4-4ce6-c55f-b3a0-f3d52e4e57dd,ad3b2c71-b667-4537-9e7d-a82889921718,old-stock-consulting,old-stock-consulting-project,container,default,│                                                                              │,"2/14/2026, 12:25:35 AM"
,"2/14/2026, 12:25:35 AM",mandelbrot,1,d00045f2-c4ef-4f80-a95c-f3c59ffb00b1,8707d2d4-4ce6-c55f-b3a0-f3d52e4e57dd,ad3b2c71-b667-4537-9e7d-a82889921718,old-stock-consulting,old-stock-consulting-project,container,default,│ /usr/local/lib/python3.13/site-packages/fastapi_cli/cli.py:435 in run        │,"2/14/2026, 12:25:35 AM"
,"2/14/2026, 12:25:35 AM",mandelbrot,1,d00045f2-c4ef-4f80-a95c-f3c59ffb00b1,8707d2d4-4ce6-c55f-b3a0-f3d52e4e57dd,ad3b2c71-b667-4537-9e7d-a82889921718,old-stock-consulting,old-stock-consulting-project,container,default,╭───────────────────── Traceback (most recent call last) ──────────────────────╮,"2/14/2026, 12:25:35 AM"
,"2/14/2026, 12:25:35 AM",mandelbrot,1,d00045f2-c4ef-4f80-a95c-f3c59ffb00b1,8707d2d4-4ce6-c55f-b3a0-f3d52e4e57dd,ad3b2c71-b667-4537-9e7d-a82889921718,old-stock-consulting,old-stock-consulting-project,container,default,,"2/14/2026, 12:25:35 AM"
,"2/14/2026, 12:25:35 AM",mandelbrot,1,d00045f2-c4ef-4f80-a95c-f3c59ffb00b1,8707d2d4-4ce6-c55f-b3a0-f3d52e4e57dd,ad3b2c71-b667-4537-9e7d-a82889921718,old-stock-consulting,old-stock-consulting-project,container,default,WARNING  Ensure all the package directories have an __init__.py file            ,"2/14/2026, 12:25:35 AM"
,"2/14/2026, 12:25:35 AM",mandelbrot,1,d00045f2-c4ef-4f80-a95c-f3c59ffb00b1,8707d2d4-4ce6-c55f-b3a0-f3d52e4e57dd,ad3b2c71-b667-4537-9e7d-a82889921718,old-stock-consulting,old-stock-consulting-project,container,default,ERROR    Import error: No module named 'mandelbrot'                             ,"2/14/2026, 12:25:35 AM"
,"2/14/2026, 12:25:35 AM",mandelbrot,1,d00045f2-c4ef-4f80-a95c-f3c59ffb00b1,8707d2d4-4ce6-c55f-b3a0-f3d52e4e57dd,ad3b2c71-b667-4537-9e7d-a82889921718,old-stock-consulting,old-stock-consulting-project,container,default,             __init__.py files                                                  ,"2/14/2026, 12:25:35 AM"
,"2/14/2026, 12:25:35 AM",mandelbrot,1,d00045f2-c4ef-4f80-a95c-f3c59ffb00b1,8707d2d4-4ce6-c55f-b3a0-f3d52e4e57dd,ad3b2c71-b667-4537-9e7d-a82889921718,old-stock-consulting,old-stock-consulting-project,container,default,             Searching for package file structure from directories with         ,"2/14/2026, 12:25:35 AM"
,"2/14/2026, 12:25:35 AM",mandelbrot,1,d00045f2-c4ef-4f80-a95c-f3c59ffb00b1,8707d2d4-4ce6-c55f-b3a0-f3d52e4e57dd,ad3b2c71-b667-4537-9e7d-a82889921718,old-stock-consulting,old-stock-consulting-project,container,default, ,"2/14/2026, 12:25:35 AM"
,"2/14/2026, 12:25:35 AM",mandelbrot,1,d00045f2-c4ef-4f80-a95c-f3c59ffb00b1,8707d2d4-4ce6-c55f-b3a0-f3d52e4e57dd,ad3b2c71-b667-4537-9e7d-a82889921718,old-stock-consulting,old-stock-consulting-project,container,default,   FastAPI   Starting production server 🚀,"2/14/2026, 12:25:35 AM"
,"2/14/2026, 12:25:33 AM",mandelbrot,1,ecf8beb3-2d85-4bef-9ec5-a548f81c2a69,9eca039a-9b05-155d-ab7f-84047e513a2b,ad3b2c71-b667-4537-9e7d-a82889921718,old-stock-consulting,old-stock-consulting-project,container,default,ModuleNotFoundError: No module named 'mandelbrot',"2/14/2026, 12:25:32 AM"
,"2/14/2026, 12:25:33 AM",mandelbrot,1,ecf8beb3-2d85-4bef-9ec5-a548f81c2a69,9eca039a-9b05-155d-ab7f-84047e513a2b,ad3b2c71-b667-4537-9e7d-a82889921718,old-stock-consulting,old-stock-consulting-project,container,default,╰──────────────────────────────────────────────────────────────────────────────╯,"2/14/2026, 12:25:32 AM"
,"2/14/2026, 12:25:33 AM",mandelbrot,1,ecf8beb3-2d85-4bef-9ec5-a548f81c2a69,9eca039a-9b05-155d-ab7f-84047e513a2b,ad3b2c71-b667-4537-9e7d-a82889921718,old-stock-consulting,old-stock-consulting-project,container,default,│     7 from fastapi.responses import RedirectResponse                         │,"2/14/2026, 12:25:32 AM"
,"2/14/2026, 12:25:33 AM",mandelbrot,1,ecf8beb3-2d85-4bef-9ec5-a548f81c2a69,9eca039a-9b05-155d-ab7f-84047e513a2b,ad3b2c71-b667-4537-9e7d-a82889921718,old-stock-consulting,old-stock-consulting-project,container,default,"│     6 from fastapi import FastAPI, status                                    │","2/14/2026, 12:25:32 AM"
,"2/14/2026, 12:25:33 AM",mandelbrot,1,ecf8beb3-2d85-4bef-9ec5-a548f81c2a69,9eca039a-9b05-155d-ab7f-84047e513a2b,ad3b2c71-b667-4537-9e7d-a82889921718,old-stock-consulting,old-stock-consulting-project,container,default,│     5 import uvicorn                                                         │,"2/14/2026, 12:25:32 AM"
,"2/14/2026, 12:25:33 AM",mandelbrot,1,ecf8beb3-2d85-4bef-9ec5-a548f81c2a69,9eca039a-9b05-155d-ab7f-84047e513a2b,ad3b2c71-b667-4537-9e7d-a82889921718,old-stock-consulting,old-stock-consulting-project,container,default,│ ❱   4 import mandelbrot                                                      │,"2/14/2026, 12:25:32 AM"
,"2/14/2026, 12:25:33 AM",mandelbrot,1,ecf8beb3-2d85-4bef-9ec5-a548f81c2a69,9eca039a-9b05-155d-ab7f-84047e513a2b,ad3b2c71-b667-4537-9e7d-a82889921718,old-stock-consulting,old-stock-consulting-project,container,default,│     3 import logging                                                         │,"2/14/2026, 12:25:32 AM"
,"2/14/2026, 12:25:33 AM",mandelbrot,1,ecf8beb3-2d85-4bef-9ec5-a548f81c2a69,9eca039a-9b05-155d-ab7f-84047e513a2b,ad3b2c71-b667-4537-9e7d-a82889921718,old-stock-consulting,old-stock-consulting-project,container,default,│     2 import base64                                                          │,"2/14/2026, 12:25:32 AM"
,"2/14/2026, 12:25:33 AM",mandelbrot,1,ecf8beb3-2d85-4bef-9ec5-a548f81c2a69,9eca039a-9b05-155d-ab7f-84047e513a2b,ad3b2c71-b667-4537-9e7d-a82889921718,old-stock-consulting,old-stock-consulting-project,container,default,│     1 import asyncio                                                         │,"2/14/2026, 12:25:32 AM"
,"2/14/2026, 12:25:33 AM",mandelbrot,1,ecf8beb3-2d85-4bef-9ec5-a548f81c2a69,9eca039a-9b05-155d-ab7f-84047e513a2b,ad3b2c71-b667-4537-9e7d-a82889921718,old-stock-consulting,old-stock-consulting-project,container,default,│                                                                              │,"2/14/2026, 12:25:32 AM"
,"2/14/2026, 12:25:33 AM",mandelbrot,1,ecf8beb3-2d85-4bef-9ec5-a548f81c2a69,9eca039a-9b05-155d-ab7f-84047e513a2b,ad3b2c71-b667-4537-9e7d-a82889921718,old-stock-consulting,old-stock-consulting-project,container,default,│ /app/main.py:4 in <module>                                                   │,"2/14/2026, 12:25:32 AM"
,"2/14/2026, 12:25:33 AM",mandelbrot,1,ecf8beb3-2d85-4bef-9ec5-a548f81c2a69,9eca039a-9b05-155d-ab7f-84047e513a2b,ad3b2c71-b667-4537-9e7d-a82889921718,old-stock-consulting,old-stock-consulting-project,container,default,│                                                                              │,"2/14/2026, 12:25:32 AM"
,"2/14/2026, 12:25:33 AM",mandelbrot,1,ecf8beb3-2d85-4bef-9ec5-a548f81c2a69,9eca039a-9b05-155d-ab7f-84047e513a2b,ad3b2c71-b667-4537-9e7d-a82889921718,old-stock-consulting,old-stock-consulting-project,container,default,│ in _call_with_frames_removed:488                                             │,"2/14/2026, 12:25:32 AM"
,"2/14/2026, 12:25:33 AM",mandelbrot,1,ecf8beb3-2d85-4bef-9ec5-a548f81c2a69,9eca039a-9b05-155d-ab7f-84047e513a2b,ad3b2c71-b667-4537-9e7d-a82889921718,old-stock-consulting,old-stock-consulting-project,container,default,│ in exec_module:1026                                                          │,"2/14/2026, 12:25:32 AM"
,"2/14/2026, 12:25:33 AM",mandelbrot,1,ecf8beb3-2d85-4bef-9ec5-a548f81c2a69,9eca039a-9b05-155d-ab7f-84047e513a2b,ad3b2c71-b667-4537-9e7d-a82889921718,old-stock-consulting,old-stock-consulting-project,container,default,│ in _load_unlocked:935                                                        │,"2/14/2026, 12:25:32 AM"
,"2/14/2026, 12:25:33 AM",mandelbrot,1,ecf8beb3-2d85-4bef-9ec5-a548f81c2a69,9eca039a-9b05-155d-ab7f-84047e513a2b,ad3b2c71-b667-4537-9e7d-a82889921718,old-stock-consulting,old-stock-consulting-project,container,default,│ in _find_and_load_unlocked:1331                                              │,"2/14/2026, 12:25:32 AM"
,"2/14/2026, 12:25:33 AM",mandelbrot,1,ecf8beb3-2d85-4bef-9ec5-a548f81c2a69,9eca039a-9b05-155d-ab7f-84047e513a2b,ad3b2c71-b667-4537-9e7d-a82889921718,old-stock-consulting,old-stock-consulting-project,container,default,│ in _find_and_load:1360                                                       │,"2/14/2026, 12:25:32 AM"
,"2/14/2026, 12:25:33 AM",mandelbrot,1,ecf8beb3-2d85-4bef-9ec5-a548f81c2a69,9eca039a-9b05-155d-ab7f-84047e513a2b,ad3b2c71-b667-4537-9e7d-a82889921718,old-stock-consulting,old-stock-consulting-project,container,default,│ in _gcd_import:1387                                                          │,"2/14/2026, 12:25:32 AM"
,"2/14/2026, 12:25:33 AM",mandelbrot,1,ecf8beb3-2d85-4bef-9ec5-a548f81c2a69,9eca039a-9b05-155d-ab7f-84047e513a2b,ad3b2c71-b667-4537-9e7d-a82889921718,old-stock-consulting,old-stock-consulting-project,container,default,│    91 _RELOADING = {}                                                        │,"2/14/2026, 12:25:32 AM"
,"2/14/2026, 12:25:33 AM",mandelbrot,1,ecf8beb3-2d85-4bef-9ec5-a548f81c2a69,9eca039a-9b05-155d-ab7f-84047e513a2b,ad3b2c71-b667-4537-9e7d-a82889921718,old-stock-consulting,old-stock-consulting-project,container,default,│    90                                                                        │,"2/14/2026, 12:25:32 AM"
,"2/14/2026, 12:25:33 AM",mandelbrot,1,ecf8beb3-2d85-4bef-9ec5-a548f81c2a69,9eca039a-9b05-155d-ab7f-84047e513a2b,ad3b2c71-b667-4537-9e7d-a82889921718,old-stock-consulting,old-stock-consulting-project,container,default,│    89                                                                        │,"2/14/2026, 12:25:32 AM"
,"2/14/2026, 12:25:33 AM",mandelbrot,1,ecf8beb3-2d85-4bef-9ec5-a548f81c2a69,9eca039a-9b05-155d-ab7f-84047e513a2b,ad3b2c71-b667-4537-9e7d-a82889921718,old-stock-consulting,old-stock-consulting-project,container,default,"│ ❱  88 │   return _bootstrap._gcd_import(name[level:], package, level)        │","2/14/2026, 12:25:32 AM"
,"2/14/2026, 12:25:33 AM",mandelbrot,1,ecf8beb3-2d85-4bef-9ec5-a548f81c2a69,9eca039a-9b05-155d-ab7f-84047e513a2b,ad3b2c71-b667-4537-9e7d-a82889921718,old-stock-consulting,old-stock-consulting-project,container,default,│    87 │   │   │   level += 1                                                 │,"2/14/2026, 12:25:32 AM"
,"2/14/2026, 12:25:33 AM",mandelbrot,1,ecf8beb3-2d85-4bef-9ec5-a548f81c2a69,9eca039a-9b05-155d-ab7f-84047e513a2b,ad3b2c71-b667-4537-9e7d-a82889921718,old-stock-consulting,old-stock-consulting-project,container,default,│    86 │   │   │   │   break                                                  │,"2/14/2026, 12:25:32 AM"
,"2/14/2026, 12:25:33 AM",mandelbrot,1,ecf8beb3-2d85-4bef-9ec5-a548f81c2a69,9eca039a-9b05-155d-ab7f-84047e513a2b,ad3b2c71-b667-4537-9e7d-a82889921718,old-stock-consulting,old-stock-consulting-project,container,default,│    85 │   │   │   if character != '.':                                       │,"2/14/2026, 12:25:32 AM"
,"2/14/2026, 12:25:33 AM",mandelbrot,1,ecf8beb3-2d85-4bef-9ec5-a548f81c2a69,9eca039a-9b05-155d-ab7f-84047e513a2b,ad3b2c71-b667-4537-9e7d-a82889921718,old-stock-consulting,old-stock-consulting-project,container,default,│                                                                              │,"2/14/2026, 12:25:32 AM"
,"2/14/2026, 12:25:33 AM",mandelbrot,1,ecf8beb3-2d85-4bef-9ec5-a548f81c2a69,9eca039a-9b05-155d-ab7f-84047e513a2b,ad3b2c71-b667-4537-9e7d-a82889921718,old-stock-consulting,old-stock-consulting-project,container,default,│ /usr/local/lib/python3.13/importlib/__init__.py:88 in import_module          │,"2/14/2026, 12:25:32 AM"
,"2/14/2026, 12:25:33 AM",mandelbrot,1,ecf8beb3-2d85-4bef-9ec5-a548f81c2a69,9eca039a-9b05-155d-ab7f-84047e513a2b,ad3b2c71-b667-4537-9e7d-a82889921718,old-stock-consulting,old-stock-consulting-project,container,default,│                                                                              │,"2/14/2026, 12:25:32 AM"
,"2/14/2026, 12:25:33 AM",mandelbrot,1,ecf8beb3-2d85-4bef-9ec5-a548f81c2a69,9eca039a-9b05-155d-ab7f-84047e513a2b,ad3b2c71-b667-4537-9e7d-a82889921718,old-stock-consulting,old-stock-consulting-project,container,default,│    73 │   │   logger.warning(                                                │,"2/14/2026, 12:25:32 AM"
,"2/14/2026, 12:25:33 AM",mandelbrot,1,ecf8beb3-2d85-4bef-9ec5-a548f81c2a69,9eca039a-9b05-155d-ab7f-84047e513a2b,ad3b2c71-b667-4537-9e7d-a82889921718,old-stock-consulting,old-stock-consulting-project,container,default,"│    72 │   │   logger.error(f""Import error: {e}"")                             │","2/14/2026, 12:25:32 AM"
,"2/14/2026, 12:25:33 AM",mandelbrot,1,ecf8beb3-2d85-4bef-9ec5-a548f81c2a69,9eca039a-9b05-155d-ab7f-84047e513a2b,ad3b2c71-b667-4537-9e7d-a82889921718,old-stock-consulting,old-stock-consulting-project,container,default,"│    71 │   except (ImportError, ValueError) as e:                             │","2/14/2026, 12:25:32 AM"
,"2/14/2026, 12:25:33 AM",mandelbrot,1,ecf8beb3-2d85-4bef-9ec5-a548f81c2a69,9eca039a-9b05-155d-ab7f-84047e513a2b,ad3b2c71-b667-4537-9e7d-a82889921718,old-stock-consulting,old-stock-consulting-project,container,default,│ ❱  70 │   │   mod = importlib.import_module(mod_data.module_import_str)      │,"2/14/2026, 12:25:32 AM"
,"2/14/2026, 12:25:33 AM",mandelbrot,1,ecf8beb3-2d85-4bef-9ec5-a548f81c2a69,9eca039a-9b05-155d-ab7f-84047e513a2b,ad3b2c71-b667-4537-9e7d-a82889921718,old-stock-consulting,old-stock-consulting-project,container,default,│    69 │   try:                                                               │,"2/14/2026, 12:25:32 AM"
,"2/14/2026, 12:25:33 AM",mandelbrot,1,ecf8beb3-2d85-4bef-9ec5-a548f81c2a69,9eca039a-9b05-155d-ab7f-84047e513a2b,ad3b2c71-b667-4537-9e7d-a82889921718,old-stock-consulting,old-stock-consulting-project,container,default,"│    68 def get_app_name(*, mod_data: ModuleData, app_name: Union[str, None] = │","2/14/2026, 12:25:32 AM"
,"2/14/2026, 12:25:33 AM",mandelbrot,1,ecf8beb3-2d85-4bef-9ec5-a548f81c2a69,9eca039a-9b05-155d-ab7f-84047e513a2b,ad3b2c71-b667-4537-9e7d-a82889921718,old-stock-consulting,old-stock-consulting-project,container,default,│    67                                                                        │,"2/14/2026, 12:25:32 AM"
,"2/14/2026, 12:25:33 AM",mandelbrot,1,ecf8beb3-2d85-4bef-9ec5-a548f81c2a69,9eca039a-9b05-155d-ab7f-84047e513a2b,ad3b2c71-b667-4537-9e7d-a82889921718,old-stock-consulting,old-stock-consulting-project,container,default,│                                                                              │,"2/14/2026, 12:25:32 AM"
,"2/14/2026, 12:25:33 AM",mandelbrot,1,ecf8beb3-2d85-4bef-9ec5-a548f81c2a69,9eca039a-9b05-155d-ab7f-84047e513a2b,ad3b2c71-b667-4537-9e7d-a82889921718,old-stock-consulting,old-stock-consulting-project,container,default,│ get_app_name                                                                 │,"2/14/2026, 12:25:32 AM"
,"2/14/2026, 12:25:33 AM",mandelbrot,1,ecf8beb3-2d85-4bef-9ec5-a548f81c2a69,9eca039a-9b05-155d-ab7f-84047e513a2b,ad3b2c71-b667-4537-9e7d-a82889921718,old-stock-consulting,old-stock-consulting-project,container,default,│ /usr/local/lib/python3.13/site-packages/fastapi_cli/discover.py:70 in        │,"2/14/2026, 12:25:32 AM"
,"2/14/2026, 12:25:33 AM",mandelbrot,1,ecf8beb3-2d85-4bef-9ec5-a548f81c2a69,9eca039a-9b05-155d-ab7f-84047e513a2b,ad3b2c71-b667-4537-9e7d-a82889921718,old-stock-consulting,old-stock-consulting-project,container,default,│                                                                              │,"2/14/2026, 12:25:32 AM"
,"2/14/2026, 12:25:33 AM",mandelbrot,1,ecf8beb3-2d85-4bef-9ec5-a548f81c2a69,9eca039a-9b05-155d-ab7f-84047e513a2b,ad3b2c71-b667-4537-9e7d-a82889921718,old-stock-consulting,old-stock-consulting-project,container,default,│   129                                                                        │,"2/14/2026, 12:25:32 AM"
,"2/14/2026, 12:25:33 AM",mandelbrot,1,ecf8beb3-2d85-4bef-9ec5-a548f81c2a69,9eca039a-9b05-155d-ab7f-84047e513a2b,ad3b2c71-b667-4537-9e7d-a82889921718,old-stock-consulting,old-stock-consulting-project,container,default,"│   128 │   import_string = f""{mod_data.module_import_str}:{use_app_name}""     │","2/14/2026, 12:25:32 AM"
,"2/14/2026, 12:25:33 AM",mandelbrot,1,ecf8beb3-2d85-4bef-9ec5-a548f81c2a69,9eca039a-9b05-155d-ab7f-84047e513a2b,ad3b2c71-b667-4537-9e7d-a82889921718,old-stock-consulting,old-stock-consulting-project,container,default,│   127 │                                                                      │,"2/14/2026, 12:25:32 AM"
,"2/14/2026, 12:25:33 AM",mandelbrot,1,ecf8beb3-2d85-4bef-9ec5-a548f81c2a69,9eca039a-9b05-155d-ab7f-84047e513a2b,ad3b2c71-b667-4537-9e7d-a82889921718,old-stock-consulting,old-stock-consulting-project,container,default,"│ ❱ 126 │   use_app_name = get_app_name(mod_data=mod_data, app_name=app_name)  │","2/14/2026, 12:25:32 AM"
,"2/14/2026, 12:25:33 AM",mandelbrot,1,ecf8beb3-2d85-4bef-9ec5-a548f81c2a69,9eca039a-9b05-155d-ab7f-84047e513a2b,ad3b2c71-b667-4537-9e7d-a82889921718,old-stock-consulting,old-stock-consulting-project,container,default,"│   125 │   sys.path.insert(0, str(mod_data.extra_sys_path))                   │","2/14/2026, 12:25:32 AM"
,"2/14/2026, 12:25:33 AM",mandelbrot,1,ecf8beb3-2d85-4bef-9ec5-a548f81c2a69,9eca039a-9b05-155d-ab7f-84047e513a2b,ad3b2c71-b667-4537-9e7d-a82889921718,old-stock-consulting,old-stock-consulting-project,container,default,│   124 │   mod_data = get_module_data_from_path(path)                         │,"2/14/2026, 12:25:32 AM"
,"2/14/2026, 12:25:33 AM",mandelbrot,1,ecf8beb3-2d85-4bef-9ec5-a548f81c2a69,9eca039a-9b05-155d-ab7f-84047e513a2b,ad3b2c71-b667-4537-9e7d-a82889921718,old-stock-consulting,old-stock-consulting-project,container,default,"│   123 │   │   raise FastAPICLIException(f""Path does not exist {path}"")       │","2/14/2026, 12:25:32 AM"
,"2/14/2026, 12:25:33 AM",mandelbrot,1,ecf8beb3-2d85-4bef-9ec5-a548f81c2a69,9eca039a-9b05-155d-ab7f-84047e513a2b,ad3b2c71-b667-4537-9e7d-a82889921718,old-stock-consulting,old-stock-consulting-project,container,default,│                                                                              │,"2/14/2026, 12:25:32 AM"
,"2/14/2026, 12:25:33 AM",mandelbrot,1,ecf8beb3-2d85-4bef-9ec5-a548f81c2a69,9eca039a-9b05-155d-ab7f-84047e513a2b,ad3b2c71-b667-4537-9e7d-a82889921718,old-stock-consulting,old-stock-consulting-project,container,default,│ get_import_data                                                              │,"2/14/2026, 12:25:32 AM"
,"2/14/2026, 12:25:33 AM",mandelbrot,1,ecf8beb3-2d85-4bef-9ec5-a548f81c2a69,9eca039a-9b05-155d-ab7f-84047e513a2b,ad3b2c71-b667-4537-9e7d-a82889921718,old-stock-consulting,old-stock-consulting-project,container,default,│ /usr/local/lib/python3.13/site-packages/fastapi_cli/discover.py:126 in       │,"2/14/2026, 12:25:32 AM"
,"2/14/2026, 12:25:33 AM",mandelbrot,1,ecf8beb3-2d85-4bef-9ec5-a548f81c2a69,9eca039a-9b05-155d-ab7f-84047e513a2b,ad3b2c71-b667-4537-9e7d-a82889921718,old-stock-consulting,old-stock-consulting-project,container,default,│                                                                              │,"2/14/2026, 12:25:32 AM"
,"2/14/2026, 12:25:33 AM",mandelbrot,1,ecf8beb3-2d85-4bef-9ec5-a548f81c2a69,9eca039a-9b05-155d-ab7f-84047e513a2b,ad3b2c71-b667-4537-9e7d-a82889921718,old-stock-consulting,old-stock-consulting-project,container,default,│   155 │   │   │   else:                                                      │,"2/14/2026, 12:25:32 AM"
,"2/14/2026, 12:25:33 AM",mandelbrot,1,ecf8beb3-2d85-4bef-9ec5-a548f81c2a69,9eca039a-9b05-155d-ab7f-84047e513a2b,ad3b2c71-b667-4537-9e7d-a82889921718,old-stock-consulting,old-stock-consulting-project,container,default,│   154 │   │   │   │   import_data = get_import_data_from_import_string(confi │,"2/14/2026, 12:25:32 AM"
,"2/14/2026, 12:25:33 AM",mandelbrot,1,ecf8beb3-2d85-4bef-9ec5-a548f81c2a69,9eca039a-9b05-155d-ab7f-84047e513a2b,ad3b2c71-b667-4537-9e7d-a82889921718,old-stock-consulting,old-stock-consulting-project,container,default,│   153 │   │   │   elif config.entrypoint:                                    │,"2/14/2026, 12:25:32 AM"
,"2/14/2026, 12:25:33 AM",mandelbrot,1,ecf8beb3-2d85-4bef-9ec5-a548f81c2a69,9eca039a-9b05-155d-ab7f-84047e513a2b,ad3b2c71-b667-4537-9e7d-a82889921718,old-stock-consulting,old-stock-consulting-project,container,default,"│ ❱ 152 │   │   │   │   import_data = get_import_data(path=path, app_name=app) │","2/14/2026, 12:25:32 AM"
,"2/14/2026, 12:25:33 AM",mandelbrot,1,ecf8beb3-2d85-4bef-9ec5-a548f81c2a69,9eca039a-9b05-155d-ab7f-84047e513a2b,ad3b2c71-b667-4537-9e7d-a82889921718,old-stock-consulting,old-stock-consulting-project,container,default,│   151 │   │   │   if path or app:                                            │,"2/14/2026, 12:25:32 AM"
,"2/14/2026, 12:25:33 AM",mandelbrot,1,ecf8beb3-2d85-4bef-9ec5-a548f81c2a69,9eca039a-9b05-155d-ab7f-84047e513a2b,ad3b2c71-b667-4537-9e7d-a82889921718,old-stock-consulting,old-stock-consulting-project,container,default,│   150 │   │   │   # Resolve import data with priority: CLI path/app > config │,"2/14/2026, 12:25:32 AM"
,"2/14/2026, 12:25:33 AM",mandelbrot,1,ecf8beb3-2d85-4bef-9ec5-a548f81c2a69,9eca039a-9b05-155d-ab7f-84047e513a2b,ad3b2c71-b667-4537-9e7d-a82889921718,old-stock-consulting,old-stock-consulting-project,container,default,│   149 │   │   try:                                                           │,"2/14/2026, 12:25:32 AM"
,"2/14/2026, 12:25:33 AM",mandelbrot,1,ecf8beb3-2d85-4bef-9ec5-a548f81c2a69,9eca039a-9b05-155d-ab7f-84047e513a2b,ad3b2c71-b667-4537-9e7d-a82889921718,old-stock-consulting,old-stock-consulting-project,container,default,│                                                                              │,"2/14/2026, 12:25:32 AM"
,"2/14/2026, 12:25:33 AM",mandelbrot,1,ecf8beb3-2d85-4bef-9ec5-a548f81c2a69,9eca039a-9b05-155d-ab7f-84047e513a2b,ad3b2c71-b667-4537-9e7d-a82889921718,old-stock-consulting,old-stock-consulting-project,container,default,│ /usr/local/lib/python3.13/site-packages/fastapi_cli/cli.py:152 in _run       │,"2/14/2026, 12:25:32 AM"
,"2/14/2026, 12:25:33 AM",mandelbrot,1,ecf8beb3-2d85-4bef-9ec5-a548f81c2a69,9eca039a-9b05-155d-ab7f-84047e513a2b,ad3b2c71-b667-4537-9e7d-a82889921718,old-stock-consulting,old-stock-consulting-project,container,default,│                                                                              │,"2/14/2026, 12:25:32 AM"
,"2/14/2026, 12:25:33 AM",mandelbrot,1,ecf8beb3-2d85-4bef-9ec5-a548f81c2a69,9eca039a-9b05-155d-ab7f-84047e513a2b,ad3b2c71-b667-4537-9e7d-a82889921718,old-stock-consulting,old-stock-consulting-project,container,default,"│   438 │   │   port=port,                                                     │","2/14/2026, 12:25:32 AM"
,"2/14/2026, 12:25:33 AM",mandelbrot,1,ecf8beb3-2d85-4bef-9ec5-a548f81c2a69,9eca039a-9b05-155d-ab7f-84047e513a2b,ad3b2c71-b667-4537-9e7d-a82889921718,old-stock-consulting,old-stock-consulting-project,container,default,"│   437 │   │   host=host,                                                     │","2/14/2026, 12:25:32 AM"
,"2/14/2026, 12:25:33 AM",mandelbrot,1,ecf8beb3-2d85-4bef-9ec5-a548f81c2a69,9eca039a-9b05-155d-ab7f-84047e513a2b,ad3b2c71-b667-4537-9e7d-a82889921718,old-stock-consulting,old-stock-consulting-project,container,default,"│   436 │   │   path=path,                                                     │","2/14/2026, 12:25:32 AM"
,"2/14/2026, 12:25:33 AM",mandelbrot,1,ecf8beb3-2d85-4bef-9ec5-a548f81c2a69,9eca039a-9b05-155d-ab7f-84047e513a2b,ad3b2c71-b667-4537-9e7d-a82889921718,old-stock-consulting,old-stock-consulting-project,container,default,│ ❱ 435 │   _run(                                                              │,"2/14/2026, 12:25:32 AM"
,"2/14/2026, 12:25:33 AM",mandelbrot,1,ecf8beb3-2d85-4bef-9ec5-a548f81c2a69,9eca039a-9b05-155d-ab7f-84047e513a2b,ad3b2c71-b667-4537-9e7d-a82889921718,old-stock-consulting,old-stock-consulting-project,container,default,"│   434 │   """"""                                                                │","2/14/2026, 12:25:32 AM"
,"2/14/2026, 12:25:33 AM",mandelbrot,1,ecf8beb3-2d85-4bef-9ec5-a548f81c2a69,9eca039a-9b05-155d-ab7f-84047e513a2b,ad3b2c71-b667-4537-9e7d-a82889921718,old-stock-consulting,old-stock-consulting-project,container,default,"│   433 │   Otherwise, it uses the first [bold]FastAPI[/bold] app found in the │","2/14/2026, 12:25:32 AM"
,"2/14/2026, 12:25:33 AM",mandelbrot,1,ecf8beb3-2d85-4bef-9ec5-a548f81c2a69,9eca039a-9b05-155d-ab7f-84047e513a2b,ad3b2c71-b667-4537-9e7d-a82889921718,old-stock-consulting,old-stock-consulting-project,container,default,│   432 │                                                                      │,"2/14/2026, 12:25:32 AM"
,"2/14/2026, 12:25:33 AM",mandelbrot,1,ecf8beb3-2d85-4bef-9ec5-a548f81c2a69,9eca039a-9b05-155d-ab7f-84047e513a2b,ad3b2c71-b667-4537-9e7d-a82889921718,old-stock-consulting,old-stock-consulting-project,container,default,│                                                                              │,"2/14/2026, 12:25:32 AM"
,"2/14/2026, 12:25:33 AM",mandelbrot,1,ecf8beb3-2d85-4bef-9ec5-a548f81c2a69,9eca039a-9b05-155d-ab7f-84047e513a2b,ad3b2c71-b667-4537-9e7d-a82889921718,old-stock-consulting,old-stock-consulting-project,container,default,│ /usr/local/lib/python3.13/site-packages/fastapi_cli/cli.py:435 in run        │,"2/14/2026, 12:25:32 AM"
,"2/14/2026, 12:25:33 AM",mandelbrot,1,ecf8beb3-2d85-4bef-9ec5-a548f81c2a69,9eca039a-9b05-155d-ab7f-84047e513a2b,ad3b2c71-b667-4537-9e7d-a82889921718,old-stock-consulting,old-stock-consulting-project,container,default,╭───────────────────── Traceback (most recent call last) ──────────────────────╮,"2/14/2026, 12:25:32 AM"
,"2/14/2026, 12:25:33 AM",mandelbrot,1,ecf8beb3-2d85-4bef-9ec5-a548f81c2a69,9eca039a-9b05-155d-ab7f-84047e513a2b,ad3b2c71-b667-4537-9e7d-a82889921718,old-stock-consulting,old-stock-consulting-project,container,default,,"2/14/2026, 12:25:31 AM"
,"2/14/2026, 12:25:33 AM",mandelbrot,1,ecf8beb3-2d85-4bef-9ec5-a548f81c2a69,9eca039a-9b05-155d-ab7f-84047e513a2b,ad3b2c71-b667-4537-9e7d-a82889921718,old-stock-consulting,old-stock-consulting-project,container,default,WARNING  Ensure all the package directories have an __init__.py file            ,"2/14/2026, 12:25:31 AM"
,"2/14/2026, 12:25:33 AM",mandelbrot,1,ecf8beb3-2d85-4bef-9ec5-a548f81c2a69,9eca039a-9b05-155d-ab7f-84047e513a2b,ad3b2c71-b667-4537-9e7d-a82889921718,old-stock-consulting,old-stock-consulting-project,container,default,ERROR    Import error: No module named 'mandelbrot'                             ,"2/14/2026, 12:25:31 AM"
,"2/14/2026, 12:25:33 AM",mandelbrot,1,ecf8beb3-2d85-4bef-9ec5-a548f81c2a69,9eca039a-9b05-155d-ab7f-84047e513a2b,ad3b2c71-b667-4537-9e7d-a82889921718,old-stock-consulting,old-stock-consulting-project,container,default,             __init__.py files                                                  ,"2/14/2026, 12:25:31 AM"
,"2/14/2026, 12:25:33 AM",mandelbrot,1,ecf8beb3-2d85-4bef-9ec5-a548f81c2a69,9eca039a-9b05-155d-ab7f-84047e513a2b,ad3b2c71-b667-4537-9e7d-a82889921718,old-stock-consulting,old-stock-consulting-project,container,default,             Searching for package file structure from directories with         ,"2/14/2026, 12:25:31 AM"
,"2/14/2026, 12:25:33 AM",mandelbrot,1,ecf8beb3-2d85-4bef-9ec5-a548f81c2a69,9eca039a-9b05-155d-ab7f-84047e513a2b,ad3b2c71-b667-4537-9e7d-a82889921718,old-stock-consulting,old-stock-consulting-project,container,default, ,"2/14/2026, 12:25:31 AM"
,"2/14/2026, 12:25:33 AM",mandelbrot,1,ecf8beb3-2d85-4bef-9ec5-a548f81c2a69,9eca039a-9b05-155d-ab7f-84047e513a2b,ad3b2c71-b667-4537-9e7d-a82889921718,old-stock-consulting,old-stock-consulting-project,container,default,   FastAPI   Starting production server 🚀,"2/14/2026, 12:25:31 AM"
,"2/14/2026, 12:25:33 AM",mandelbrot,1,ecf8beb3-2d85-4bef-9ec5-a548f81c2a69,9eca039a-9b05-155d-ab7f-84047e513a2b,ad3b2c71-b667-4537-9e7d-a82889921718,old-stock-consulting,old-stock-consulting-project,container,default,,"2/14/2026, 12:25:31 AM"
,"2/14/2026, 12:25:25 AM",mandelbrot,1,3f9137fc-8a3b-4b7d-b197-4e3b198c43be,8707d2d4-4ce6-c55f-b3a0-f3d52e4e57dd,ad3b2c71-b667-4537-9e7d-a82889921718,old-stock-consulting,old-stock-consulting-project,container,default,ModuleNotFoundError: No module named 'mandelbrot',"2/14/2026, 12:25:25 AM"
,"2/14/2026, 12:25:25 AM",mandelbrot,1,3f9137fc-8a3b-4b7d-b197-4e3b198c43be,8707d2d4-4ce6-c55f-b3a0-f3d52e4e57dd,ad3b2c71-b667-4537-9e7d-a82889921718,old-stock-consulting,old-stock-consulting-project,container,default,╰──────────────────────────────────────────────────────────────────────────────╯,"2/14/2026, 12:25:25 AM"
,"2/14/2026, 12:25:25 AM",mandelbrot,1,3f9137fc-8a3b-4b7d-b197-4e3b198c43be,8707d2d4-4ce6-c55f-b3a0-f3d52e4e57dd,ad3b2c71-b667-4537-9e7d-a82889921718,old-stock-consulting,old-stock-consulting-project,container,default,│     7 from fastapi.responses import RedirectResponse                         │,"2/14/2026, 12:25:25 AM"
,"2/14/2026, 12:25:25 AM",mandelbrot,1,3f9137fc-8a3b-4b7d-b197-4e3b198c43be,8707d2d4-4ce6-c55f-b3a0-f3d52e4e57dd,ad3b2c71-b667-4537-9e7d-a82889921718,old-stock-consulting,old-stock-consulting-project,container,default,"│     6 from fastapi import FastAPI, status                                    │","2/14/2026, 12:25:25 AM"
,"2/14/2026, 12:25:25 AM",mandelbrot,1,3f9137fc-8a3b-4b7d-b197-4e3b198c43be,8707d2d4-4ce6-c55f-b3a0-f3d52e4e57dd,ad3b2c71-b667-4537-9e7d-a82889921718,old-stock-consulting,old-stock-consulting-project,container,default,│     5 import uvicorn                                                         │,"2/14/2026, 12:25:25 AM"
,"2/14/2026, 12:25:25 AM",mandelbrot,1,3f9137fc-8a3b-4b7d-b197-4e3b198c43be,8707d2d4-4ce6-c55f-b3a0-f3d52e4e57dd,ad3b2c71-b667-4537-9e7d-a82889921718,old-stock-consulting,old-stock-consulting-project,container,default,│ ❱   4 import mandelbrot                                                      │,"2/14/2026, 12:25:25 AM"
,"2/14/2026, 12:25:25 AM",mandelbrot,1,3f9137fc-8a3b-4b7d-b197-4e3b198c43be,8707d2d4-4ce6-c55f-b3a0-f3d52e4e57dd,ad3b2c71-b667-4537-9e7d-a82889921718,old-stock-consulting,old-stock-consulting-project,container,default,│     3 import logging                                                         │,"2/14/2026, 12:25:25 AM"
,"2/14/2026, 12:25:25 AM",mandelbrot,1,3f9137fc-8a3b-4b7d-b197-4e3b198c43be,8707d2d4-4ce6-c55f-b3a0-f3d52e4e57dd,ad3b2c71-b667-4537-9e7d-a82889921718,old-stock-consulting,old-stock-consulting-project,container,default,│     2 import base64                                                          │,"2/14/2026, 12:25:25 AM"
,"2/14/2026, 12:25:25 AM",mandelbrot,1,3f9137fc-8a3b-4b7d-b197-4e3b198c43be,8707d2d4-4ce6-c55f-b3a0-f3d52e4e57dd,ad3b2c71-b667-4537-9e7d-a82889921718,old-stock-consulting,old-stock-consulting-project,container,default,│     1 import asyncio                                                         │,"2/14/2026, 12:25:25 AM"
,"2/14/2026, 12:25:25 AM",mandelbrot,1,3f9137fc-8a3b-4b7d-b197-4e3b198c43be,8707d2d4-4ce6-c55f-b3a0-f3d52e4e57dd,ad3b2c71-b667-4537-9e7d-a82889921718,old-stock-consulting,old-stock-consulting-project,container,default,│                                                                              │,"2/14/2026, 12:25:25 AM"
,"2/14/2026, 12:25:25 AM",mandelbrot,1,3f9137fc-8a3b-4b7d-b197-4e3b198c43be,8707d2d4-4ce6-c55f-b3a0-f3d52e4e57dd,ad3b2c71-b667-4537-9e7d-a82889921718,old-stock-consulting,old-stock-consulting-project,container,default,│ /app/main.py:4 in <module>                                                   │,"2/14/2026, 12:25:25 AM"
,"2/14/2026, 12:25:25 AM",mandelbrot,1,3f9137fc-8a3b-4b7d-b197-4e3b198c43be,8707d2d4-4ce6-c55f-b3a0-f3d52e4e57dd,ad3b2c71-b667-4537-9e7d-a82889921718,old-stock-consulting,old-stock-consulting-project,container,default,│                                                                              │,"2/14/2026, 12:25:25 AM"
,"2/14/2026, 12:25:25 AM",mandelbrot,1,3f9137fc-8a3b-4b7d-b197-4e3b198c43be,8707d2d4-4ce6-c55f-b3a0-f3d52e4e57dd,ad3b2c71-b667-4537-9e7d-a82889921718,old-stock-consulting,old-stock-consulting-project,container,default,│ in _call_with_frames_removed:488                                             │,"2/14/2026, 12:25:25 AM"
,"2/14/2026, 12:25:25 AM",mandelbrot,1,3f9137fc-8a3b-4b7d-b197-4e3b198c43be,8707d2d4-4ce6-c55f-b3a0-f3d52e4e57dd,ad3b2c71-b667-4537-9e7d-a82889921718,old-stock-consulting,old-stock-consulting-project,container,default,│ in exec_module:1026                                                          │,"2/14/2026, 12:25:25 AM"
,"2/14/2026, 12:25:25 AM",mandelbrot,1,3f9137fc-8a3b-4b7d-b197-4e3b198c43be,8707d2d4-4ce6-c55f-b3a0-f3d52e4e57dd,ad3b2c71-b667-4537-9e7d-a82889921718,old-stock-consulting,old-stock-consulting-project,container,default,│ in _load_unlocked:935                                                        │,"2/14/2026, 12:25:25 AM"
,"2/14/2026, 12:25:25 AM",mandelbrot,1,3f9137fc-8a3b-4b7d-b197-4e3b198c43be,8707d2d4-4ce6-c55f-b3a0-f3d52e4e57dd,ad3b2c71-b667-4537-9e7d-a82889921718,old-stock-consulting,old-stock-consulting-project,container,default,│ in _find_and_load_unlocked:1331                                              │,"2/14/2026, 12:25:25 AM"
,"2/14/2026, 12:25:25 AM",mandelbrot,1,3f9137fc-8a3b-4b7d-b197-4e3b198c43be,8707d2d4-4ce6-c55f-b3a0-f3d52e4e57dd,ad3b2c71-b667-4537-9e7d-a82889921718,old-stock-consulting,old-stock-consulting-project,container,default,│ in _find_and_load:1360                                                       │,"2/14/2026, 12:25:25 AM"
,"2/14/2026, 12:25:25 AM",mandelbrot,1,3f9137fc-8a3b-4b7d-b197-4e3b198c43be,8707d2d4-4ce6-c55f-b3a0-f3d52e4e57dd,ad3b2c71-b667-4537-9e7d-a82889921718,old-stock-consulting,old-stock-consulting-project,container,default,│ in _gcd_import:1387                                                          │,"2/14/2026, 12:25:25 AM"
,"2/14/2026, 12:25:25 AM",mandelbrot,1,3f9137fc-8a3b-4b7d-b197-4e3b198c43be,8707d2d4-4ce6-c55f-b3a0-f3d52e4e57dd,ad3b2c71-b667-4537-9e7d-a82889921718,old-stock-consulting,old-stock-consulting-project,container,default,│    91 _RELOADING = {}                                                        │,"2/14/2026, 12:25:25 AM"
,"2/14/2026, 12:25:25 AM",mandelbrot,1,3f9137fc-8a3b-4b7d-b197-4e3b198c43be,8707d2d4-4ce6-c55f-b3a0-f3d52e4e57dd,ad3b2c71-b667-4537-9e7d-a82889921718,old-stock-consulting,old-stock-consulting-project,container,default,│    90                                                                        │,"2/14/2026, 12:25:25 AM"
,"2/14/2026, 12:25:25 AM",mandelbrot,1,3f9137fc-8a3b-4b7d-b197-4e3b198c43be,8707d2d4-4ce6-c55f-b3a0-f3d52e4e57dd,ad3b2c71-b667-4537-9e7d-a82889921718,old-stock-consulting,old-stock-consulting-project,container,default,│    89                                                                        │,"2/14/2026, 12:25:25 AM"
,"2/14/2026, 12:25:25 AM",mandelbrot,1,3f9137fc-8a3b-4b7d-b197-4e3b198c43be,8707d2d4-4ce6-c55f-b3a0-f3d52e4e57dd,ad3b2c71-b667-4537-9e7d-a82889921718,old-stock-consulting,old-stock-consulting-project,container,default,"│ ❱  88 │   return _bootstrap._gcd_import(name[level:], package, level)        │","2/14/2026, 12:25:25 AM"
,"2/14/2026, 12:25:25 AM",mandelbrot,1,3f9137fc-8a3b-4b7d-b197-4e3b198c43be,8707d2d4-4ce6-c55f-b3a0-f3d52e4e57dd,ad3b2c71-b667-4537-9e7d-a82889921718,old-stock-consulting,old-stock-consulting-project,container,default,│    87 │   │   │   level += 1                                                 │,"2/14/2026, 12:25:25 AM"
,"2/14/2026, 12:25:25 AM",mandelbrot,1,3f9137fc-8a3b-4b7d-b197-4e3b198c43be,8707d2d4-4ce6-c55f-b3a0-f3d52e4e57dd,ad3b2c71-b667-4537-9e7d-a82889921718,old-stock-consulting,old-stock-consulting-project,container,default,│    86 │   │   │   │   break                                                  │,"2/14/2026, 12:25:25 AM"
,"2/14/2026, 12:25:25 AM",mandelbrot,1,3f9137fc-8a3b-4b7d-b197-4e3b198c43be,8707d2d4-4ce6-c55f-b3a0-f3d52e4e57dd,ad3b2c71-b667-4537-9e7d-a82889921718,old-stock-consulting,old-stock-consulting-project,container,default,│    85 │   │   │   if character != '.':                                       │,"2/14/2026, 12:25:25 AM"
,"2/14/2026, 12:25:25 AM",mandelbrot,1,3f9137fc-8a3b-4b7d-b197-4e3b198c43be,8707d2d4-4ce6-c55f-b3a0-f3d52e4e57dd,ad3b2c71-b667-4537-9e7d-a82889921718,old-stock-consulting,old-stock-consulting-project,container,default,│                                                                              │,"2/14/2026, 12:25:25 AM"
,"2/14/2026, 12:25:25 AM",mandelbrot,1,3f9137fc-8a3b-4b7d-b197-4e3b198c43be,8707d2d4-4ce6-c55f-b3a0-f3d52e4e57dd,ad3b2c71-b667-4537-9e7d-a82889921718,old-stock-consulting,old-stock-consulting-project,container,default,│ /usr/local/lib/python3.13/importlib/__init__.py:88 in import_module          │,"2/14/2026, 12:25:25 AM"
,"2/14/2026, 12:25:25 AM",mandelbrot,1,3f9137fc-8a3b-4b7d-b197-4e3b198c43be,8707d2d4-4ce6-c55f-b3a0-f3d52e4e57dd,ad3b2c71-b667-4537-9e7d-a82889921718,old-stock-consulting,old-stock-consulting-project,container,default,│                                                                              │,"2/14/2026, 12:25:25 AM"
,"2/14/2026, 12:25:25 AM",mandelbrot,1,3f9137fc-8a3b-4b7d-b197-4e3b198c43be,8707d2d4-4ce6-c55f-b3a0-f3d52e4e57dd,ad3b2c71-b667-4537-9e7d-a82889921718,old-stock-consulting,old-stock-consulting-project,container,default,│    73 │   │   logger.warning(                                                │,"2/14/2026, 12:25:25 AM"
,"2/14/2026, 12:25:25 AM",mandelbrot,1,3f9137fc-8a3b-4b7d-b197-4e3b198c43be,8707d2d4-4ce6-c55f-b3a0-f3d52e4e57dd,ad3b2c71-b667-4537-9e7d-a82889921718,old-stock-consulting,old-stock-consulting-project,container,default,"│    72 │   │   logger.error(f""Import error: {e}"")                             │","2/14/2026, 12:25:25 AM"
,"2/14/2026, 12:25:25 AM",mandelbrot,1,3f9137fc-8a3b-4b7d-b197-4e3b198c43be,8707d2d4-4ce6-c55f-b3a0-f3d52e4e57dd,ad3b2c71-b667-4537-9e7d-a82889921718,old-stock-consulting,old-stock-consulting-project,container,default,"│    71 │   except (ImportError, ValueError) as e:                             │","2/14/2026, 12:25:25 AM"
,"2/14/2026, 12:25:25 AM",mandelbrot,1,3f9137fc-8a3b-4b7d-b197-4e3b198c43be,8707d2d4-4ce6-c55f-b3a0-f3d52e4e57dd,ad3b2c71-b667-4537-9e7d-a82889921718,old-stock-consulting,old-stock-consulting-project,container,default,│ ❱  70 │   │   mod = importlib.import_module(mod_data.module_import_str)      │,"2/14/2026, 12:25:25 AM"
,"2/14/2026, 12:25:25 AM",mandelbrot,1,3f9137fc-8a3b-4b7d-b197-4e3b198c43be,8707d2d4-4ce6-c55f-b3a0-f3d52e4e57dd,ad3b2c71-b667-4537-9e7d-a82889921718,old-stock-consulting,old-stock-consulting-project,container,default,│    69 │   try:                                                               │,"2/14/2026, 12:25:25 AM"
,"2/14/2026, 12:25:25 AM",mandelbrot,1,3f9137fc-8a3b-4b7d-b197-4e3b198c43be,8707d2d4-4ce6-c55f-b3a0-f3d52e4e57dd,ad3b2c71-b667-4537-9e7d-a82889921718,old-stock-consulting,old-stock-consulting-project,container,default,"│    68 def get_app_name(*, mod_data: ModuleData, app_name: Union[str, None] = │","2/14/2026, 12:25:25 AM"
,"2/14/2026, 12:25:25 AM",mandelbrot,1,3f9137fc-8a3b-4b7d-b197-4e3b198c43be,8707d2d4-4ce6-c55f-b3a0-f3d52e4e57dd,ad3b2c71-b667-4537-9e7d-a82889921718,old-stock-consulting,old-stock-consulting-project,container,default,│    67                                                                        │,"2/14/2026, 12:25:25 AM"
,"2/14/2026, 12:25:25 AM",mandelbrot,1,3f9137fc-8a3b-4b7d-b197-4e3b198c43be,8707d2d4-4ce6-c55f-b3a0-f3d52e4e57dd,ad3b2c71-b667-4537-9e7d-a82889921718,old-stock-consulting,old-stock-consulting-project,container,default,│                                                                              │,"2/14/2026, 12:25:25 AM"
,"2/14/2026, 12:25:25 AM",mandelbrot,1,3f9137fc-8a3b-4b7d-b197-4e3b198c43be,8707d2d4-4ce6-c55f-b3a0-f3d52e4e57dd,ad3b2c71-b667-4537-9e7d-a82889921718,old-stock-consulting,old-stock-consulting-project,container,default,│ get_app_name                                                                 │,"2/14/2026, 12:25:25 AM"
,"2/14/2026, 12:25:25 AM",mandelbrot,1,3f9137fc-8a3b-4b7d-b197-4e3b198c43be,8707d2d4-4ce6-c55f-b3a0-f3d52e4e57dd,ad3b2c71-b667-4537-9e7d-a82889921718,old-stock-consulting,old-stock-consulting-project,container,default,│ /usr/local/lib/python3.13/site-packages/fastapi_cli/discover.py:70 in        │,"2/14/2026, 12:25:25 AM"
,"2/14/2026, 12:25:25 AM",mandelbrot,1,3f9137fc-8a3b-4b7d-b197-4e3b198c43be,8707d2d4-4ce6-c55f-b3a0-f3d52e4e57dd,ad3b2c71-b667-4537-9e7d-a82889921718,old-stock-consulting,old-stock-consulting-project,container,default,│                                                                              │,"2/14/2026, 12:25:25 AM"
,"2/14/2026, 12:25:25 AM",mandelbrot,1,3f9137fc-8a3b-4b7d-b197-4e3b198c43be,8707d2d4-4ce6-c55f-b3a0-f3d52e4e57dd,ad3b2c71-b667-4537-9e7d-a82889921718,old-stock-consulting,old-stock-consulting-project,container,default,│   129                                                                        │,"2/14/2026, 12:25:25 AM"
,"2/14/2026, 12:25:25 AM",mandelbrot,1,3f9137fc-8a3b-4b7d-b197-4e3b198c43be,8707d2d4-4ce6-c55f-b3a0-f3d52e4e57dd,ad3b2c71-b667-4537-9e7d-a82889921718,old-stock-consulting,old-stock-consulting-project,container,default,"│   128 │   import_string = f""{mod_data.module_import_str}:{use_app_name}""     │","2/14/2026, 12:25:25 AM"
,"2/14/2026, 12:25:25 AM",mandelbrot,1,3f9137fc-8a3b-4b7d-b197-4e3b198c43be,8707d2d4-4ce6-c55f-b3a0-f3d52e4e57dd,ad3b2c71-b667-4537-9e7d-a82889921718,old-stock-consulting,old-stock-consulting-project,container,default,│   127 │                                                                      │,"2/14/2026, 12:25:25 AM"
,"2/14/2026, 12:25:25 AM",mandelbrot,1,3f9137fc-8a3b-4b7d-b197-4e3b198c43be,8707d2d4-4ce6-c55f-b3a0-f3d52e4e57dd,ad3b2c71-b667-4537-9e7d-a82889921718,old-stock-consulting,old-stock-consulting-project,container,default,"│ ❱ 126 │   use_app_name = get_app_name(mod_data=mod_data, app_name=app_name)  │","2/14/2026, 12:25:25 AM"
,"2/14/2026, 12:25:25 AM",mandelbrot,1,3f9137fc-8a3b-4b7d-b197-4e3b198c43be,8707d2d4-4ce6-c55f-b3a0-f3d52e4e57dd,ad3b2c71-b667-4537-9e7d-a82889921718,old-stock-consulting,old-stock-consulting-project,container,default,"│   125 │   sys.path.insert(0, str(mod_data.extra_sys_path))                   │","2/14/2026, 12:25:25 AM"
,"2/14/2026, 12:25:25 AM",mandelbrot,1,3f9137fc-8a3b-4b7d-b197-4e3b198c43be,8707d2d4-4ce6-c55f-b3a0-f3d52e4e57dd,ad3b2c71-b667-4537-9e7d-a82889921718,old-stock-consulting,old-stock-consulting-project,container,default,│   124 │   mod_data = get_module_data_from_path(path)                         │,"2/14/2026, 12:25:25 AM"
,"2/14/2026, 12:25:25 AM",mandelbrot,1,3f9137fc-8a3b-4b7d-b197-4e3b198c43be,8707d2d4-4ce6-c55f-b3a0-f3d52e4e57dd,ad3b2c71-b667-4537-9e7d-a82889921718,old-stock-consulting,old-stock-consulting-project,container,default,"│   123 │   │   raise FastAPICLIException(f""Path does not exist {path}"")       │","2/14/2026, 12:25:25 AM"
,"2/14/2026, 12:25:25 AM",mandelbrot,1,3f9137fc-8a3b-4b7d-b197-4e3b198c43be,8707d2d4-4ce6-c55f-b3a0-f3d52e4e57dd,ad3b2c71-b667-4537-9e7d-a82889921718,old-stock-consulting,old-stock-consulting-project,container,default,│                                                                              │,"2/14/2026, 12:25:25 AM"
,"2/14/2026, 12:25:25 AM",mandelbrot,1,3f9137fc-8a3b-4b7d-b197-4e3b198c43be,8707d2d4-4ce6-c55f-b3a0-f3d52e4e57dd,ad3b2c71-b667-4537-9e7d-a82889921718,old-stock-consulting,old-stock-consulting-project,container,default,│ get_import_data                                                              │,"2/14/2026, 12:25:25 AM"
,"2/14/2026, 12:25:25 AM",mandelbrot,1,3f9137fc-8a3b-4b7d-b197-4e3b198c43be,8707d2d4-4ce6-c55f-b3a0-f3d52e4e57dd,ad3b2c71-b667-4537-9e7d-a82889921718,old-stock-consulting,old-stock-consulting-project,container,default,│ /usr/local/lib/python3.13/site-packages/fastapi_cli/discover.py:126 in       │,"2/14/2026, 12:25:25 AM"
,"2/14/2026, 12:25:25 AM",mandelbrot,1,3f9137fc-8a3b-4b7d-b197-4e3b198c43be,8707d2d4-4ce6-c55f-b3a0-f3d52e4e57dd,ad3b2c71-b667-4537-9e7d-a82889921718,old-stock-consulting,old-stock-consulting-project,container,default,│                                                                              │,"2/14/2026, 12:25:25 AM"
,"2/14/2026, 12:25:25 AM",mandelbrot,1,3f9137fc-8a3b-4b7d-b197-4e3b198c43be,8707d2d4-4ce6-c55f-b3a0-f3d52e4e57dd,ad3b2c71-b667-4537-9e7d-a82889921718,old-stock-consulting,old-stock-consulting-project,container,default,│   155 │   │   │   else:                                                      │,"2/14/2026, 12:25:25 AM"
,"2/14/2026, 12:25:25 AM",mandelbrot,1,3f9137fc-8a3b-4b7d-b197-4e3b198c43be,8707d2d4-4ce6-c55f-b3a0-f3d52e4e57dd,ad3b2c71-b667-4537-9e7d-a82889921718,old-stock-consulting,old-stock-consulting-project,container,default,│   154 │   │   │   │   import_data = get_import_data_from_import_string(confi │,"2/14/2026, 12:25:25 AM"
,"2/14/2026, 12:25:25 AM",mandelbrot,1,3f9137fc-8a3b-4b7d-b197-4e3b198c43be,8707d2d4-4ce6-c55f-b3a0-f3d52e4e57dd,ad3b2c71-b667-4537-9e7d-a82889921718,old-stock-consulting,old-stock-consulting-project,container,default,│   153 │   │   │   elif config.entrypoint:                                    │,"2/14/2026, 12:25:25 AM"
,"2/14/2026, 12:25:25 AM",mandelbrot,1,3f9137fc-8a3b-4b7d-b197-4e3b198c43be,8707d2d4-4ce6-c55f-b3a0-f3d52e4e57dd,ad3b2c71-b667-4537-9e7d-a82889921718,old-stock-consulting,old-stock-consulting-project,container,default,"│ ❱ 152 │   │   │   │   import_data = get_import_data(path=path, app_name=app) │","2/14/2026, 12:25:25 AM"
,"2/14/2026, 12:25:25 AM",mandelbrot,1,3f9137fc-8a3b-4b7d-b197-4e3b198c43be,8707d2d4-4ce6-c55f-b3a0-f3d52e4e57dd,ad3b2c71-b667-4537-9e7d-a82889921718,old-stock-consulting,old-stock-consulting-project,container,default,│   151 │   │   │   if path or app:                                            │,"2/14/2026, 12:25:25 AM"
,"2/14/2026, 12:25:25 AM",mandelbrot,1,3f9137fc-8a3b-4b7d-b197-4e3b198c43be,8707d2d4-4ce6-c55f-b3a0-f3d52e4e57dd,ad3b2c71-b667-4537-9e7d-a82889921718,old-stock-consulting,old-stock-consulting-project,container,default,│   150 │   │   │   # Resolve import data with priority: CLI path/app > config │,"2/14/2026, 12:25:25 AM"
,"2/14/2026, 12:25:25 AM",mandelbrot,1,3f9137fc-8a3b-4b7d-b197-4e3b198c43be,8707d2d4-4ce6-c55f-b3a0-f3d52e4e57dd,ad3b2c71-b667-4537-9e7d-a82889921718,old-stock-consulting,old-stock-consulting-project,container,default,│   149 │   │   try:                                                           │,"2/14/2026, 12:25:25 AM"
,"2/14/2026, 12:25:25 AM",mandelbrot,1,3f9137fc-8a3b-4b7d-b197-4e3b198c43be,8707d2d4-4ce6-c55f-b3a0-f3d52e4e57dd,ad3b2c71-b667-4537-9e7d-a82889921718,old-stock-consulting,old-stock-consulting-project,container,default,│                                                                              │,"2/14/2026, 12:25:25 AM"
,"2/14/2026, 12:25:25 AM",mandelbrot,1,3f9137fc-8a3b-4b7d-b197-4e3b198c43be,8707d2d4-4ce6-c55f-b3a0-f3d52e4e57dd,ad3b2c71-b667-4537-9e7d-a82889921718,old-stock-consulting,old-stock-consulting-project,container,default,│ /usr/local/lib/python3.13/site-packages/fastapi_cli/cli.py:152 in _run       │,"2/14/2026, 12:25:25 AM"
,"2/14/2026, 12:25:25 AM",mandelbrot,1,3f9137fc-8a3b-4b7d-b197-4e3b198c43be,8707d2d4-4ce6-c55f-b3a0-f3d52e4e57dd,ad3b2c71-b667-4537-9e7d-a82889921718,old-stock-consulting,old-stock-consulting-project,container,default,│                                                                              │,"2/14/2026, 12:25:25 AM"
,"2/14/2026, 12:25:25 AM",mandelbrot,1,3f9137fc-8a3b-4b7d-b197-4e3b198c43be,8707d2d4-4ce6-c55f-b3a0-f3d52e4e57dd,ad3b2c71-b667-4537-9e7d-a82889921718,old-stock-consulting,old-stock-consulting-project,container,default,"│   438 │   │   port=port,                                                     │","2/14/2026, 12:25:25 AM"
,"2/14/2026, 12:25:25 AM",mandelbrot,1,3f9137fc-8a3b-4b7d-b197-4e3b198c43be,8707d2d4-4ce6-c55f-b3a0-f3d52e4e57dd,ad3b2c71-b667-4537-9e7d-a82889921718,old-stock-consulting,old-stock-consulting-project,container,default,"│   437 │   │   host=host,                                                     │","2/14/2026, 12:25:25 AM"
,"2/14/2026, 12:25:25 AM",mandelbrot,1,3f9137fc-8a3b-4b7d-b197-4e3b198c43be,8707d2d4-4ce6-c55f-b3a0-f3d52e4e57dd,ad3b2c71-b667-4537-9e7d-a82889921718,old-stock-consulting,old-stock-consulting-project,container,default,"│   436 │   │   path=path,                                                     │","2/14/2026, 12:25:25 AM"
,"2/14/2026, 12:25:25 AM",mandelbrot,1,3f9137fc-8a3b-4b7d-b197-4e3b198c43be,8707d2d4-4ce6-c55f-b3a0-f3d52e4e57dd,ad3b2c71-b667-4537-9e7d-a82889921718,old-stock-consulting,old-stock-consulting-project,container,default,│ ❱ 435 │   _run(                                                              │,"2/14/2026, 12:25:25 AM"
,"2/14/2026, 12:25:25 AM",mandelbrot,1,3f9137fc-8a3b-4b7d-b197-4e3b198c43be,8707d2d4-4ce6-c55f-b3a0-f3d52e4e57dd,ad3b2c71-b667-4537-9e7d-a82889921718,old-stock-consulting,old-stock-consulting-project,container,default,"│   434 │   """"""                                                                │","2/14/2026, 12:25:25 AM"
,"2/14/2026, 12:25:25 AM",mandelbrot,1,3f9137fc-8a3b-4b7d-b197-4e3b198c43be,8707d2d4-4ce6-c55f-b3a0-f3d52e4e57dd,ad3b2c71-b667-4537-9e7d-a82889921718,old-stock-consulting,old-stock-consulting-project,container,default,"│   433 │   Otherwise, it uses the first [bold]FastAPI[/bold] app found in the │","2/14/2026, 12:25:25 AM"
,"2/14/2026, 12:25:25 AM",mandelbrot,1,3f9137fc-8a3b-4b7d-b197-4e3b198c43be,8707d2d4-4ce6-c55f-b3a0-f3d52e4e57dd,ad3b2c71-b667-4537-9e7d-a82889921718,old-stock-consulting,old-stock-consulting-project,container,default,│   432 │                                                                      │,"2/14/2026, 12:25:25 AM"
,"2/14/2026, 12:25:25 AM",mandelbrot,1,3f9137fc-8a3b-4b7d-b197-4e3b198c43be,8707d2d4-4ce6-c55f-b3a0-f3d52e4e57dd,ad3b2c71-b667-4537-9e7d-a82889921718,old-stock-consulting,old-stock-consulting-project,container,default,│                                                                              │,"2/14/2026, 12:25:25 AM"
,"2/14/2026, 12:25:25 AM",mandelbrot,1,3f9137fc-8a3b-4b7d-b197-4e3b198c43be,8707d2d4-4ce6-c55f-b3a0-f3d52e4e57dd,ad3b2c71-b667-4537-9e7d-a82889921718,old-stock-consulting,old-stock-consulting-project,container,default,│ /usr/local/lib/python3.13/site-packages/fastapi_cli/cli.py:435 in run        │,"2/14/2026, 12:25:25 AM"
,"2/14/2026, 12:25:25 AM",mandelbrot,1,3f9137fc-8a3b-4b7d-b197-4e3b198c43be,8707d2d4-4ce6-c55f-b3a0-f3d52e4e57dd,ad3b2c71-b667-4537-9e7d-a82889921718,old-stock-consulting,old-stock-consulting-project,container,default,╭───────────────────── Traceback (most recent call last) ──────────────────────╮,"2/14/2026, 12:25:25 AM"
,"2/14/2026, 12:25:25 AM",mandelbrot,1,3f9137fc-8a3b-4b7d-b197-4e3b198c43be,8707d2d4-4ce6-c55f-b3a0-f3d52e4e57dd,ad3b2c71-b667-4537-9e7d-a82889921718,old-stock-consulting,old-stock-consulting-project,container,default,,"2/14/2026, 12:25:25 AM"
,"2/14/2026, 12:25:25 AM",mandelbrot,1,3f9137fc-8a3b-4b7d-b197-4e3b198c43be,8707d2d4-4ce6-c55f-b3a0-f3d52e4e57dd,ad3b2c71-b667-4537-9e7d-a82889921718,old-stock-consulting,old-stock-consulting-project,container,default,WARNING  Ensure all the package directories have an __init__.py file            ,"2/14/2026, 12:25:25 AM"
,"2/14/2026, 12:25:25 AM",mandelbrot,1,3f9137fc-8a3b-4b7d-b197-4e3b198c43be,8707d2d4-4ce6-c55f-b3a0-f3d52e4e57dd,ad3b2c71-b667-4537-9e7d-a82889921718,old-stock-consulting,old-stock-consulting-project,container,default,ERROR    Import error: No module named 'mandelbrot'                             ,"2/14/2026, 12:25:25 AM"
,"2/14/2026, 12:25:25 AM",mandelbrot,1,3f9137fc-8a3b-4b7d-b197-4e3b198c43be,8707d2d4-4ce6-c55f-b3a0-f3d52e4e57dd,ad3b2c71-b667-4537-9e7d-a82889921718,old-stock-consulting,old-stock-consulting-project,container,default,             __init__.py files                                                  ,"2/14/2026, 12:25:25 AM"
,"2/14/2026, 12:25:25 AM",mandelbrot,1,3f9137fc-8a3b-4b7d-b197-4e3b198c43be,8707d2d4-4ce6-c55f-b3a0-f3d52e4e57dd,ad3b2c71-b667-4537-9e7d-a82889921718,old-stock-consulting,old-stock-consulting-project,container,default,             Searching for package file structure from directories with         ,"2/14/2026, 12:25:25 AM"
,"2/14/2026, 12:25:25 AM",mandelbrot,1,3f9137fc-8a3b-4b7d-b197-4e3b198c43be,8707d2d4-4ce6-c55f-b3a0-f3d52e4e57dd,ad3b2c71-b667-4537-9e7d-a82889921718,old-stock-consulting,old-stock-consulting-project,container,default, ,"2/14/2026, 12:25:25 AM"
,"2/14/2026, 12:25:25 AM",mandelbrot,1,3f9137fc-8a3b-4b7d-b197-4e3b198c43be,8707d2d4-4ce6-c55f-b3a0-f3d52e4e57dd,ad3b2c71-b667-4537-9e7d-a82889921718,old-stock-consulting,old-stock-consulting-project,container,default,   FastAPI   Starting production server 🚀,"2/14/2026, 12:25:25 AM"
,"2/14/2026, 12:25:25 AM",mandelbrot,1,3f9137fc-8a3b-4b7d-b197-4e3b198c43be,8707d2d4-4ce6-c55f-b3a0-f3d52e4e57dd,ad3b2c71-b667-4537-9e7d-a82889921718,old-stock-consulting,old-stock-consulting-project,container,default,,"2/14/2026, 12:25:25 AM"
,"2/14/2026, 12:23:14 AM",mandelbrot,1,f862561c-e278-4f57-b77e-68de67365a85,0c973c50-9d01-5055-ab85-a27928939dc5,ad3b2c71-b667-4537-9e7d-a82889921718,old-stock-consulting,old-stock-consulting-project,container,default,ModuleNotFoundError: No module named 'mandelbrot',"2/14/2026, 12:23:13 AM"
,"2/14/2026, 12:23:14 AM",mandelbrot,1,f862561c-e278-4f57-b77e-68de67365a85,0c973c50-9d01-5055-ab85-a27928939dc5,ad3b2c71-b667-4537-9e7d-a82889921718,old-stock-consulting,old-stock-consulting-project,container,default,╰──────────────────────────────────────────────────────────────────────────────╯,"2/14/2026, 12:23:13 AM"
,"2/14/2026, 12:23:14 AM",mandelbrot,1,f862561c-e278-4f57-b77e-68de67365a85,0c973c50-9d01-5055-ab85-a27928939dc5,ad3b2c71-b667-4537-9e7d-a82889921718,old-stock-consulting,old-stock-consulting-project,container,default,│     7 from fastapi.responses import RedirectResponse                         │,"2/14/2026, 12:23:13 AM"
,"2/14/2026, 12:23:14 AM",mandelbrot,1,f862561c-e278-4f57-b77e-68de67365a85,0c973c50-9d01-5055-ab85-a27928939dc5,ad3b2c71-b667-4537-9e7d-a82889921718,old-stock-consulting,old-stock-consulting-project,container,default,"│     6 from fastapi import FastAPI, status                                    │","2/14/2026, 12:23:13 AM"
,"2/14/2026, 12:23:14 AM",mandelbrot,1,f862561c-e278-4f57-b77e-68de67365a85,0c973c50-9d01-5055-ab85-a27928939dc5,ad3b2c71-b667-4537-9e7d-a82889921718,old-stock-consulting,old-stock-consulting-project,container,default,│     5 import uvicorn                                                         │,"2/14/2026, 12:23:13 AM"
,"2/14/2026, 12:23:14 AM",mandelbrot,1,f862561c-e278-4f57-b77e-68de67365a85,0c973c50-9d01-5055-ab85-a27928939dc5,ad3b2c71-b667-4537-9e7d-a82889921718,old-stock-consulting,old-stock-consulting-project,container,default,│ ❱   4 import mandelbrot                                                      │,"2/14/2026, 12:23:13 AM"
,"2/14/2026, 12:23:14 AM",mandelbrot,1,f862561c-e278-4f57-b77e-68de67365a85,0c973c50-9d01-5055-ab85-a27928939dc5,ad3b2c71-b667-4537-9e7d-a82889921718,old-stock-consulting,old-stock-consulting-project,container,default,│     3 import logging                                                         │,"2/14/2026, 12:23:13 AM"
,"2/14/2026, 12:23:14 AM",mandelbrot,1,f862561c-e278-4f57-b77e-68de67365a85,0c973c50-9d01-5055-ab85-a27928939dc5,ad3b2c71-b667-4537-9e7d-a82889921718,old-stock-consulting,old-stock-consulting-project,container,default,│     2 import base64                                                          │,"2/14/2026, 12:23:13 AM"
,"2/14/2026, 12:23:14 AM",mandelbrot,1,f862561c-e278-4f57-b77e-68de67365a85,0c973c50-9d01-5055-ab85-a27928939dc5,ad3b2c71-b667-4537-9e7d-a82889921718,old-stock-consulting,old-stock-consulting-project,container,default,│     1 import asyncio                                                         │,"2/14/2026, 12:23:13 AM"
,"2/14/2026, 12:23:14 AM",mandelbrot,1,f862561c-e278-4f57-b77e-68de67365a85,0c973c50-9d01-5055-ab85-a27928939dc5,ad3b2c71-b667-4537-9e7d-a82889921718,old-stock-consulting,old-stock-consulting-project,container,default,│                                                                              │,"2/14/2026, 12:23:13 AM"
,"2/14/2026, 12:23:14 AM",mandelbrot,1,f862561c-e278-4f57-b77e-68de67365a85,0c973c50-9d01-5055-ab85-a27928939dc5,ad3b2c71-b667-4537-9e7d-a82889921718,old-stock-consulting,old-stock-consulting-project,container,default,│ /app/main.py:4 in <module>                                                   │,"2/14/2026, 12:23:13 AM"
,"2/14/2026, 12:23:14 AM",mandelbrot,1,f862561c-e278-4f57-b77e-68de67365a85,0c973c50-9d01-5055-ab85-a27928939dc5,ad3b2c71-b667-4537-9e7d-a82889921718,old-stock-consulting,old-stock-consulting-project,container,default,│                                                                              │,"2/14/2026, 12:23:13 AM"
,"2/14/2026, 12:23:14 AM",mandelbrot,1,f862561c-e278-4f57-b77e-68de67365a85,0c973c50-9d01-5055-ab85-a27928939dc5,ad3b2c71-b667-4537-9e7d-a82889921718,old-stock-consulting,old-stock-consulting-project,container,default,│ in _call_with_frames_removed:488                                             │,"2/14/2026, 12:23:13 AM"
,"2/14/2026, 12:23:14 AM",mandelbrot,1,f862561c-e278-4f57-b77e-68de67365a85,0c973c50-9d01-5055-ab85-a27928939dc5,ad3b2c71-b667-4537-9e7d-a82889921718,old-stock-consulting,old-stock-consulting-project,container,default,│ in exec_module:1026                                                          │,"2/14/2026, 12:23:13 AM"
,"2/14/2026, 12:23:14 AM",mandelbrot,1,f862561c-e278-4f57-b77e-68de67365a85,0c973c50-9d01-5055-ab85-a27928939dc5,ad3b2c71-b667-4537-9e7d-a82889921718,old-stock-consulting,old-stock-consulting-project,container,default,│ in _load_unlocked:935                                                        │,"2/14/2026, 12:23:13 AM"
,"2/14/2026, 12:23:14 AM",mandelbrot,1,f862561c-e278-4f57-b77e-68de67365a85,0c973c50-9d01-5055-ab85-a27928939dc5,ad3b2c71-b667-4537-9e7d-a82889921718,old-stock-consulting,old-stock-consulting-project,container,default,│ in _find_and_load_unlocked:1331                                              │,"2/14/2026, 12:23:13 AM"
,"2/14/2026, 12:23:14 AM",mandelbrot,1,f862561c-e278-4f57-b77e-68de67365a85,0c973c50-9d01-5055-ab85-a27928939dc5,ad3b2c71-b667-4537-9e7d-a82889921718,old-stock-consulting,old-stock-consulting-project,container,default,│ in _find_and_load:1360                                                       │,"2/14/2026, 12:23:13 AM"
,"2/14/2026, 12:23:14 AM",mandelbrot,1,f862561c-e278-4f57-b77e-68de67365a85,0c973c50-9d01-5055-ab85-a27928939dc5,ad3b2c71-b667-4537-9e7d-a82889921718,old-stock-consulting,old-stock-consulting-project,container,default,│ in _gcd_import:1387                                                          │,"2/14/2026, 12:23:13 AM"
,"2/14/2026, 12:23:14 AM",mandelbrot,1,f862561c-e278-4f57-b77e-68de67365a85,0c973c50-9d01-5055-ab85-a27928939dc5,ad3b2c71-b667-4537-9e7d-a82889921718,old-stock-consulting,old-stock-consulting-project,container,default,│    91 _RELOADING = {}                                                        │,"2/14/2026, 12:23:13 AM"
,"2/14/2026, 12:23:14 AM",mandelbrot,1,f862561c-e278-4f57-b77e-68de67365a85,0c973c50-9d01-5055-ab85-a27928939dc5,ad3b2c71-b667-4537-9e7d-a82889921718,old-stock-consulting,old-stock-consulting-project,container,default,│    90                                                                        │,"2/14/2026, 12:23:13 AM"
,"2/14/2026, 12:23:14 AM",mandelbrot,1,f862561c-e278-4f57-b77e-68de67365a85,0c973c50-9d01-5055-ab85-a27928939dc5,ad3b2c71-b667-4537-9e7d-a82889921718,old-stock-consulting,old-stock-consulting-project,container,default,│    89                                                                        │,"2/14/2026, 12:23:13 AM"
,"2/14/2026, 12:23:14 AM",mandelbrot,1,f862561c-e278-4f57-b77e-68de67365a85,0c973c50-9d01-5055-ab85-a27928939dc5,ad3b2c71-b667-4537-9e7d-a82889921718,old-stock-consulting,old-stock-consulting-project,container,default,"│ ❱  88 │   return _bootstrap._gcd_import(name[level:], package, level)        │","2/14/2026, 12:23:13 AM"
,"2/14/2026, 12:23:14 AM",mandelbrot,1,f862561c-e278-4f57-b77e-68de67365a85,0c973c50-9d01-5055-ab85-a27928939dc5,ad3b2c71-b667-4537-9e7d-a82889921718,old-stock-consulting,old-stock-consulting-project,container,default,│    87 │   │   │   level += 1                                                 │,"2/14/2026, 12:23:13 AM"
,"2/14/2026, 12:23:14 AM",mandelbrot,1,f862561c-e278-4f57-b77e-68de67365a85,0c973c50-9d01-5055-ab85-a27928939dc5,ad3b2c71-b667-4537-9e7d-a82889921718,old-stock-consulting,old-stock-consulting-project,container,default,│    86 │   │   │   │   break                                                  │,"2/14/2026, 12:23:13 AM"
,"2/14/2026, 12:23:14 AM",mandelbrot,1,f862561c-e278-4f57-b77e-68de67365a85,0c973c50-9d01-5055-ab85-a27928939dc5,ad3b2c71-b667-4537-9e7d-a82889921718,old-stock-consulting,old-stock-consulting-project,container,default,│    85 │   │   │   if character != '.':                                       │,"2/14/2026, 12:23:13 AM"
,"2/14/2026, 12:23:14 AM",mandelbrot,1,f862561c-e278-4f57-b77e-68de67365a85,0c973c50-9d01-5055-ab85-a27928939dc5,ad3b2c71-b667-4537-9e7d-a82889921718,old-stock-consulting,old-stock-consulting-project,container,default,│                                                                              │,"2/14/2026, 12:23:13 AM"
,"2/14/2026, 12:23:14 AM",mandelbrot,1,f862561c-e278-4f57-b77e-68de67365a85,0c973c50-9d01-5055-ab85-a27928939dc5,ad3b2c71-b667-4537-9e7d-a82889921718,old-stock-consulting,old-stock-consulting-project,container,default,│ /usr/local/lib/python3.13/importlib/__init__.py:88 in import_module          │,"2/14/2026, 12:23:13 AM"
,"2/14/2026, 12:23:14 AM",mandelbrot,1,f862561c-e278-4f57-b77e-68de67365a85,0c973c50-9d01-5055-ab85-a27928939dc5,ad3b2c71-b667-4537-9e7d-a82889921718,old-stock-consulting,old-stock-consulting-project,container,default,│                                                                              │,"2/14/2026, 12:23:13 AM"
,"2/14/2026, 12:23:14 AM",mandelbrot,1,f862561c-e278-4f57-b77e-68de67365a85,0c973c50-9d01-5055-ab85-a27928939dc5,ad3b2c71-b667-4537-9e7d-a82889921718,old-stock-consulting,old-stock-consulting-project,container,default,│    73 │   │   logger.warning(                                                │,"2/14/2026, 12:23:13 AM"
,"2/14/2026, 12:23:14 AM",mandelbrot,1,f862561c-e278-4f57-b77e-68de67365a85,0c973c50-9d01-5055-ab85-a27928939dc5,ad3b2c71-b667-4537-9e7d-a82889921718,old-stock-consulting,old-stock-consulting-project,container,default,"│    72 │   │   logger.error(f""Import error: {e}"")                             │","2/14/2026, 12:23:13 AM"
,"2/14/2026, 12:23:14 AM",mandelbrot,1,f862561c-e278-4f57-b77e-68de67365a85,0c973c50-9d01-5055-ab85-a27928939dc5,ad3b2c71-b667-4537-9e7d-a82889921718,old-stock-consulting,old-stock-consulting-project,container,default,"│    71 │   except (ImportError, ValueError) as e:                             │","2/14/2026, 12:23:13 AM"
,"2/14/2026, 12:23:14 AM",mandelbrot,1,f862561c-e278-4f57-b77e-68de67365a85,0c973c50-9d01-5055-ab85-a27928939dc5,ad3b2c71-b667-4537-9e7d-a82889921718,old-stock-consulting,old-stock-consulting-project,container,default,│ ❱  70 │   │   mod = importlib.import_module(mod_data.module_import_str)      │,"2/14/2026, 12:23:13 AM"
,"2/14/2026, 12:23:14 AM",mandelbrot,1,f862561c-e278-4f57-b77e-68de67365a85,0c973c50-9d01-5055-ab85-a27928939dc5,ad3b2c71-b667-4537-9e7d-a82889921718,old-stock-consulting,old-stock-consulting-project,container,default,│    69 │   try:                                                               │,"2/14/2026, 12:23:13 AM"
,"2/14/2026, 12:23:14 AM",mandelbrot,1,f862561c-e278-4f57-b77e-68de67365a85,0c973c50-9d01-5055-ab85-a27928939dc5,ad3b2c71-b667-4537-9e7d-a82889921718,old-stock-consulting,old-stock-consulting-project,container,default,"│    68 def get_app_name(*, mod_data: ModuleData, app_name: Union[str, None] = │","2/14/2026, 12:23:13 AM"
,"2/14/2026, 12:23:14 AM",mandelbrot,1,f862561c-e278-4f57-b77e-68de67365a85,0c973c50-9d01-5055-ab85-a27928939dc5,ad3b2c71-b667-4537-9e7d-a82889921718,old-stock-consulting,old-stock-consulting-project,container,default,│    67                                                                        │,"2/14/2026, 12:23:13 AM"
,"2/14/2026, 12:23:14 AM",mandelbrot,1,f862561c-e278-4f57-b77e-68de67365a85,0c973c50-9d01-5055-ab85-a27928939dc5,ad3b2c71-b667-4537-9e7d-a82889921718,old-stock-consulting,old-stock-consulting-project,container,default,│                                                                              │,"2/14/2026, 12:23:13 AM"
,"2/14/2026, 12:23:14 AM",mandelbrot,1,f862561c-e278-4f57-b77e-68de67365a85,0c973c50-9d01-5055-ab85-a27928939dc5,ad3b2c71-b667-4537-9e7d-a82889921718,old-stock-consulting,old-stock-consulting-project,container,default,│ get_app_name                                                                 │,"2/14/2026, 12:23:13 AM"
,"2/14/2026, 12:23:14 AM",mandelbrot,1,f862561c-e278-4f57-b77e-68de67365a85,0c973c50-9d01-5055-ab85-a27928939dc5,ad3b2c71-b667-4537-9e7d-a82889921718,old-stock-consulting,old-stock-consulting-project,container,default,│ /usr/local/lib/python3.13/site-packages/fastapi_cli/discover.py:70 in        │,"2/14/2026, 12:23:13 AM"
,"2/14/2026, 12:23:14 AM",mandelbrot,1,f862561c-e278-4f57-b77e-68de67365a85,0c973c50-9d01-5055-ab85-a27928939dc5,ad3b2c71-b667-4537-9e7d-a82889921718,old-stock-consulting,old-stock-consulting-project,container,default,│                                                                              │,"2/14/2026, 12:23:13 AM"
,"2/14/2026, 12:23:14 AM",mandelbrot,1,f862561c-e278-4f57-b77e-68de67365a85,0c973c50-9d01-5055-ab85-a27928939dc5,ad3b2c71-b667-4537-9e7d-a82889921718,old-stock-consulting,old-stock-consulting-project,container,default,│   129                                                                        │,"2/14/2026, 12:23:13 AM"
,"2/14/2026, 12:23:14 AM",mandelbrot,1,f862561c-e278-4f57-b77e-68de67365a85,0c973c50-9d01-5055-ab85-a27928939dc5,ad3b2c71-b667-4537-9e7d-a82889921718,old-stock-consulting,old-stock-consulting-project,container,default,"│   128 │   import_string = f""{mod_data.module_import_str}:{use_app_name}""     │","2/14/2026, 12:23:13 AM"
,"2/14/2026, 12:23:14 AM",mandelbrot,1,f862561c-e278-4f57-b77e-68de67365a85,0c973c50-9d01-5055-ab85-a27928939dc5,ad3b2c71-b667-4537-9e7d-a82889921718,old-stock-consulting,old-stock-consulting-project,container,default,│   127 │                                                                      │,"2/14/2026, 12:23:13 AM"
,"2/14/2026, 12:23:14 AM",mandelbrot,1,f862561c-e278-4f57-b77e-68de67365a85,0c973c50-9d01-5055-ab85-a27928939dc5,ad3b2c71-b667-4537-9e7d-a82889921718,old-stock-consulting,old-stock-consulting-project,container,default,"│ ❱ 126 │   use_app_name = get_app_name(mod_data=mod_data, app_name=app_name)  │","2/14/2026, 12:23:13 AM"
,"2/14/2026, 12:23:14 AM",mandelbrot,1,f862561c-e278-4f57-b77e-68de67365a85,0c973c50-9d01-5055-ab85-a27928939dc5,ad3b2c71-b667-4537-9e7d-a82889921718,old-stock-consulting,old-stock-consulting-project,container,default,"│   125 │   sys.path.insert(0, str(mod_data.extra_sys_path))                   │","2/14/2026, 12:23:13 AM"
,"2/14/2026, 12:23:14 AM",mandelbrot,1,f862561c-e278-4f57-b77e-68de67365a85,0c973c50-9d01-5055-ab85-a27928939dc5,ad3b2c71-b667-4537-9e7d-a82889921718,old-stock-consulting,old-stock-consulting-project,container,default,│   124 │   mod_data = get_module_data_from_path(path)                         │,"2/14/2026, 12:23:13 AM"
,"2/14/2026, 12:23:14 AM",mandelbrot,1,f862561c-e278-4f57-b77e-68de67365a85,0c973c50-9d01-5055-ab85-a27928939dc5,ad3b2c71-b667-4537-9e7d-a82889921718,old-stock-consulting,old-stock-consulting-project,container,default,"│   123 │   │   raise FastAPICLIException(f""Path does not exist {path}"")       │","2/14/2026, 12:23:13 AM"
,"2/14/2026, 12:23:14 AM",mandelbrot,1,f862561c-e278-4f57-b77e-68de67365a85,0c973c50-9d01-5055-ab85-a27928939dc5,ad3b2c71-b667-4537-9e7d-a82889921718,old-stock-consulting,old-stock-consulting-project,container,default,│                                                                              │,"2/14/2026, 12:23:13 AM"
,"2/14/2026, 12:23:14 AM",mandelbrot,1,f862561c-e278-4f57-b77e-68de67365a85,0c973c50-9d01-5055-ab85-a27928939dc5,ad3b2c71-b667-4537-9e7d-a82889921718,old-stock-consulting,old-stock-consulting-project,container,default,│ get_import_data                                                              │,"2/14/2026, 12:23:13 AM"
,"2/14/2026, 12:23:14 AM",mandelbrot,1,f862561c-e278-4f57-b77e-68de67365a85,0c973c50-9d01-5055-ab85-a27928939dc5,ad3b2c71-b667-4537-9e7d-a82889921718,old-stock-consulting,old-stock-consulting-project,container,default,│ /usr/local/lib/python3.13/site-packages/fastapi_cli/discover.py:126 in       │,"2/14/2026, 12:23:13 AM"
,"2/14/2026, 12:23:14 AM",mandelbrot,1,f862561c-e278-4f57-b77e-68de67365a85,0c973c50-9d01-5055-ab85-a27928939dc5,ad3b2c71-b667-4537-9e7d-a82889921718,old-stock-consulting,old-stock-consulting-project,container,default,│                                                                              │,"2/14/2026, 12:23:13 AM"
,"2/14/2026, 12:23:14 AM",mandelbrot,1,f862561c-e278-4f57-b77e-68de67365a85,0c973c50-9d01-5055-ab85-a27928939dc5,ad3b2c71-b667-4537-9e7d-a82889921718,old-stock-consulting,old-stock-consulting-project,container,default,│   155 │   │   │   else:                                                      │,"2/14/2026, 12:23:13 AM"
,"2/14/2026, 12:23:14 AM",mandelbrot,1,f862561c-e278-4f57-b77e-68de67365a85,0c973c50-9d01-5055-ab85-a27928939dc5,ad3b2c71-b667-4537-9e7d-a82889921718,old-stock-consulting,old-stock-consulting-project,container,default,│   154 │   │   │   │   import_data = get_import_data_from_import_string(confi │,"2/14/2026, 12:23:13 AM"
,"2/14/2026, 12:23:14 AM",mandelbrot,1,f862561c-e278-4f57-b77e-68de67365a85,0c973c50-9d01-5055-ab85-a27928939dc5,ad3b2c71-b667-4537-9e7d-a82889921718,old-stock-consulting,old-stock-consulting-project,container,default,│   153 │   │   │   elif config.entrypoint:                                    │,"2/14/2026, 12:23:13 AM"
,"2/14/2026, 12:23:14 AM",mandelbrot,1,f862561c-e278-4f57-b77e-68de67365a85,0c973c50-9d01-5055-ab85-a27928939dc5,ad3b2c71-b667-4537-9e7d-a82889921718,old-stock-consulting,old-stock-consulting-project,container,default,"│ ❱ 152 │   │   │   │   import_data = get_import_data(path=path, app_name=app) │","2/14/2026, 12:23:13 AM"
,"2/14/2026, 12:23:14 AM",mandelbrot,1,f862561c-e278-4f57-b77e-68de67365a85,0c973c50-9d01-5055-ab85-a27928939dc5,ad3b2c71-b667-4537-9e7d-a82889921718,old-stock-consulting,old-stock-consulting-project,container,default,│   151 │   │   │   if path or app:                                            │,"2/14/2026, 12:23:13 AM"
,"2/14/2026, 12:23:14 AM",mandelbrot,1,f862561c-e278-4f57-b77e-68de67365a85,0c973c50-9d01-5055-ab85-a27928939dc5,ad3b2c71-b667-4537-9e7d-a82889921718,old-stock-consulting,old-stock-consulting-project,container,default,│   150 │   │   │   # Resolve import data with priority: CLI path/app > config │,"2/14/2026, 12:23:13 AM"
,"2/14/2026, 12:23:14 AM",mandelbrot,1,f862561c-e278-4f57-b77e-68de67365a85,0c973c50-9d01-5055-ab85-a27928939dc5,ad3b2c71-b667-4537-9e7d-a82889921718,old-stock-consulting,old-stock-consulting-project,container,default,│   149 │   │   try:                                                           │,"2/14/2026, 12:23:13 AM"
,"2/14/2026, 12:23:14 AM",mandelbrot,1,f862561c-e278-4f57-b77e-68de67365a85,0c973c50-9d01-5055-ab85-a27928939dc5,ad3b2c71-b667-4537-9e7d-a82889921718,old-stock-consulting,old-stock-consulting-project,container,default,│                                                                              │,"2/14/2026, 12:23:13 AM"
,"2/14/2026, 12:23:14 AM",mandelbrot,1,f862561c-e278-4f57-b77e-68de67365a85,0c973c50-9d01-5055-ab85-a27928939dc5,ad3b2c71-b667-4537-9e7d-a82889921718,old-stock-consulting,old-stock-consulting-project,container,default,│ /usr/local/lib/python3.13/site-packages/fastapi_cli/cli.py:152 in _run       │,"2/14/2026, 12:23:13 AM"
,"2/14/2026, 12:23:14 AM",mandelbrot,1,f862561c-e278-4f57-b77e-68de67365a85,0c973c50-9d01-5055-ab85-a27928939dc5,ad3b2c71-b667-4537-9e7d-a82889921718,old-stock-consulting,old-stock-consulting-project,container,default,│                                                                              │,"2/14/2026, 12:23:13 AM"
,"2/14/2026, 12:23:14 AM",mandelbrot,1,f862561c-e278-4f57-b77e-68de67365a85,0c973c50-9d01-5055-ab85-a27928939dc5,ad3b2c71-b667-4537-9e7d-a82889921718,old-stock-consulting,old-stock-consulting-project,container,default,"│   438 │   │   port=port,                                                     │","2/14/2026, 12:23:13 AM"
,"2/14/2026, 12:23:14 AM",mandelbrot,1,f862561c-e278-4f57-b77e-68de67365a85,0c973c50-9d01-5055-ab85-a27928939dc5,ad3b2c71-b667-4537-9e7d-a82889921718,old-stock-consulting,old-stock-consulting-project,container,default,"│   437 │   │   host=host,                                                     │","2/14/2026, 12:23:13 AM"
,"2/14/2026, 12:23:14 AM",mandelbrot,1,f862561c-e278-4f57-b77e-68de67365a85,0c973c50-9d01-5055-ab85-a27928939dc5,ad3b2c71-b667-4537-9e7d-a82889921718,old-stock-consulting,old-stock-consulting-project,container,default,"│   436 │   │   path=path,                                                     │","2/14/2026, 12:23:13 AM"
,"2/14/2026, 12:23:14 AM",mandelbrot,1,f862561c-e278-4f57-b77e-68de67365a85,0c973c50-9d01-5055-ab85-a27928939dc5,ad3b2c71-b667-4537-9e7d-a82889921718,old-stock-consulting,old-stock-consulting-project,container,default,│ ❱ 435 │   _run(                                                              │,"2/14/2026, 12:23:13 AM"
,"2/14/2026, 12:23:14 AM",mandelbrot,1,f862561c-e278-4f57-b77e-68de67365a85,0c973c50-9d01-5055-ab85-a27928939dc5,ad3b2c71-b667-4537-9e7d-a82889921718,old-stock-consulting,old-stock-consulting-project,container,default,"│   434 │   """"""                                                                │","2/14/2026, 12:23:13 AM"
,"2/14/2026, 12:23:14 AM",mandelbrot,1,f862561c-e278-4f57-b77e-68de67365a85,0c973c50-9d01-5055-ab85-a27928939dc5,ad3b2c71-b667-4537-9e7d-a82889921718,old-stock-consulting,old-stock-consulting-project,container,default,"│   433 │   Otherwise, it uses the first [bold]FastAPI[/bold] app found in the │","2/14/2026, 12:23:13 AM"
,"2/14/2026, 12:23:14 AM",mandelbrot,1,f862561c-e278-4f57-b77e-68de67365a85,0c973c50-9d01-5055-ab85-a27928939dc5,ad3b2c71-b667-4537-9e7d-a82889921718,old-stock-consulting,old-stock-consulting-project,container,default,│   432 │                                                                      │,"2/14/2026, 12:23:13 AM"
,"2/14/2026, 12:23:14 AM",mandelbrot,1,f862561c-e278-4f57-b77e-68de67365a85,0c973c50-9d01-5055-ab85-a27928939dc5,ad3b2c71-b667-4537-9e7d-a82889921718,old-stock-consulting,old-stock-consulting-project,container,default,│                                                                              │,"2/14/2026, 12:23:13 AM"
,"2/14/2026, 12:23:14 AM",mandelbrot,1,f862561c-e278-4f57-b77e-68de67365a85,0c973c50-9d01-5055-ab85-a27928939dc5,ad3b2c71-b667-4537-9e7d-a82889921718,old-stock-consulting,old-stock-consulting-project,container,default,│ /usr/local/lib/python3.13/site-packages/fastapi_cli/cli.py:435 in run        │,"2/14/2026, 12:23:13 AM"
,"2/14/2026, 12:23:14 AM",mandelbrot,1,f862561c-e278-4f57-b77e-68de67365a85,0c973c50-9d01-5055-ab85-a27928939dc5,ad3b2c71-b667-4537-9e7d-a82889921718,old-stock-consulting,old-stock-consulting-project,container,default,╭───────────────────── Traceback (most recent call last) ──────────────────────╮,"2/14/2026, 12:23:13 AM"
,"2/14/2026, 12:23:14 AM",mandelbrot,1,f862561c-e278-4f57-b77e-68de67365a85,0c973c50-9d01-5055-ab85-a27928939dc5,ad3b2c71-b667-4537-9e7d-a82889921718,old-stock-consulting,old-stock-consulting-project,container,default,,"2/14/2026, 12:23:13 AM"
,"2/14/2026, 12:23:14 AM",mandelbrot,1,f862561c-e278-4f57-b77e-68de67365a85,0c973c50-9d01-5055-ab85-a27928939dc5,ad3b2c71-b667-4537-9e7d-a82889921718,old-stock-consulting,old-stock-consulting-project,container,default,WARNING  Ensure all the package directories have an __init__.py file            ,"2/14/2026, 12:23:13 AM"
,"2/14/2026, 12:23:14 AM",mandelbrot,1,f862561c-e278-4f57-b77e-68de67365a85,0c973c50-9d01-5055-ab85-a27928939dc5,ad3b2c71-b667-4537-9e7d-a82889921718,old-stock-consulting,old-stock-consulting-project,container,default,ERROR    Import error: No module named 'mandelbrot'                             ,"2/14/2026, 12:23:13 AM"
,"2/14/2026, 12:23:14 AM",mandelbrot,1,f862561c-e278-4f57-b77e-68de67365a85,0c973c50-9d01-5055-ab85-a27928939dc5,ad3b2c71-b667-4537-9e7d-a82889921718,old-stock-consulting,old-stock-consulting-project,container,default,             __init__.py files                                                  ,"2/14/2026, 12:23:13 AM"
,"2/14/2026, 12:23:14 AM",mandelbrot,1,f862561c-e278-4f57-b77e-68de67365a85,0c973c50-9d01-5055-ab85-a27928939dc5,ad3b2c71-b667-4537-9e7d-a82889921718,old-stock-consulting,old-stock-consulting-project,container,default,             Searching for package file structure from directories with         ,"2/14/2026, 12:23:13 AM"
,"2/14/2026, 12:23:14 AM",mandelbrot,1,f862561c-e278-4f57-b77e-68de67365a85,0c973c50-9d01-5055-ab85-a27928939dc5,ad3b2c71-b667-4537-9e7d-a82889921718,old-stock-consulting,old-stock-consulting-project,container,default, ,"2/14/2026, 12:23:13 AM"
,"2/14/2026, 12:23:14 AM",mandelbrot,1,f862561c-e278-4f57-b77e-68de67365a85,0c973c50-9d01-5055-ab85-a27928939dc5,ad3b2c71-b667-4537-9e7d-a82889921718,old-stock-consulting,old-stock-consulting-project,container,default,   FastAPI   Starting production server 🚀,"2/14/2026, 12:23:13 AM"
,"2/14/2026, 12:23:06 AM",mandelbrot,1,f862561c-e278-4f57-b77e-68de67365a85,0c973c50-9d01-5055-ab85-a27928939dc5,ad3b2c71-b667-4537-9e7d-a82889921718,old-stock-consulting,old-stock-consulting-project,container,default,ModuleNotFoundError: No module named 'mandelbrot',"2/14/2026, 12:23:04 AM"
,"2/14/2026, 12:23:06 AM",mandelbrot,1,f862561c-e278-4f57-b77e-68de67365a85,0c973c50-9d01-5055-ab85-a27928939dc5,ad3b2c71-b667-4537-9e7d-a82889921718,old-stock-consulting,old-stock-consulting-project,container,default,╰──────────────────────────────────────────────────────────────────────────────╯,"2/14/2026, 12:23:04 AM"
,"2/14/2026, 12:23:06 AM",mandelbrot,1,f862561c-e278-4f57-b77e-68de67365a85,0c973c50-9d01-5055-ab85-a27928939dc5,ad3b2c71-b667-4537-9e7d-a82889921718,old-stock-consulting,old-stock-consulting-project,container,default,│     7 from fastapi.responses import RedirectResponse                         │,"2/14/2026, 12:23:04 AM"
,"2/14/2026, 12:23:06 AM",mandelbrot,1,f862561c-e278-4f57-b77e-68de67365a85,0c973c50-9d01-5055-ab85-a27928939dc5,ad3b2c71-b667-4537-9e7d-a82889921718,old-stock-consulting,old-stock-consulting-project,container,default,"│     6 from fastapi import FastAPI, status                                    │","2/14/2026, 12:23:04 AM"
,"2/14/2026, 12:23:06 AM",mandelbrot,1,f862561c-e278-4f57-b77e-68de67365a85,0c973c50-9d01-5055-ab85-a27928939dc5,ad3b2c71-b667-4537-9e7d-a82889921718,old-stock-consulting,old-stock-consulting-project,container,default,│     5 import uvicorn                                                         │,"2/14/2026, 12:23:04 AM"
,"2/14/2026, 12:23:06 AM",mandelbrot,1,f862561c-e278-4f57-b77e-68de67365a85,0c973c50-9d01-5055-ab85-a27928939dc5,ad3b2c71-b667-4537-9e7d-a82889921718,old-stock-consulting,old-stock-consulting-project,container,default,│ ❱   4 import mandelbrot                                                      │,"2/14/2026, 12:23:04 AM"
,"2/14/2026, 12:23:06 AM",mandelbrot,1,f862561c-e278-4f57-b77e-68de67365a85,0c973c50-9d01-5055-ab85-a27928939dc5,ad3b2c71-b667-4537-9e7d-a82889921718,old-stock-consulting,old-stock-consulting-project,container,default,│     3 import logging                                                         │,"2/14/2026, 12:23:04 AM"
,"2/14/2026, 12:23:06 AM",mandelbrot,1,f862561c-e278-4f57-b77e-68de67365a85,0c973c50-9d01-5055-ab85-a27928939dc5,ad3b2c71-b667-4537-9e7d-a82889921718,old-stock-consulting,old-stock-consulting-project,container,default,│     2 import base64                                                          │,"2/14/2026, 12:23:04 AM"
,"2/14/2026, 12:23:06 AM",mandelbrot,1,f862561c-e278-4f57-b77e-68de67365a85,0c973c50-9d01-5055-ab85-a27928939dc5,ad3b2c71-b667-4537-9e7d-a82889921718,old-stock-consulting,old-stock-consulting-project,container,default,│     1 import asyncio                                                         │,"2/14/2026, 12:23:04 AM"
,"2/14/2026, 12:23:06 AM",mandelbrot,1,f862561c-e278-4f57-b77e-68de67365a85,0c973c50-9d01-5055-ab85-a27928939dc5,ad3b2c71-b667-4537-9e7d-a82889921718,old-stock-consulting,old-stock-consulting-project,container,default,│                                                                              │,"2/14/2026, 12:23:04 AM"
,"2/14/2026, 12:23:06 AM",mandelbrot,1,f862561c-e278-4f57-b77e-68de67365a85,0c973c50-9d01-5055-ab85-a27928939dc5,ad3b2c71-b667-4537-9e7d-a82889921718,old-stock-consulting,old-stock-consulting-project,container,default,│ /app/main.py:4 in <module>                                                   │,"2/14/2026, 12:23:04 AM"
,"2/14/2026, 12:23:06 AM",mandelbrot,1,f862561c-e278-4f57-b77e-68de67365a85,0c973c50-9d01-5055-ab85-a27928939dc5,ad3b2c71-b667-4537-9e7d-a82889921718,old-stock-consulting,old-stock-consulting-project,container,default,│                                                                              │,"2/14/2026, 12:23:04 AM"
,"2/14/2026, 12:23:06 AM",mandelbrot,1,f862561c-e278-4f57-b77e-68de67365a85,0c973c50-9d01-5055-ab85-a27928939dc5,ad3b2c71-b667-4537-9e7d-a82889921718,old-stock-consulting,old-stock-consulting-project,container,default,│ in _call_with_frames_removed:488                                             │,"2/14/2026, 12:23:04 AM"
,"2/14/2026, 12:23:06 AM",mandelbrot,1,f862561c-e278-4f57-b77e-68de67365a85,0c973c50-9d01-5055-ab85-a27928939dc5,ad3b2c71-b667-4537-9e7d-a82889921718,old-stock-consulting,old-stock-consulting-project,container,default,│ in exec_module:1026                                                          │,"2/14/2026, 12:23:04 AM"
,"2/14/2026, 12:23:06 AM",mandelbrot,1,f862561c-e278-4f57-b77e-68de67365a85,0c973c50-9d01-5055-ab85-a27928939dc5,ad3b2c71-b667-4537-9e7d-a82889921718,old-stock-consulting,old-stock-consulting-project,container,default,│ in _load_unlocked:935                                                        │,"2/14/2026, 12:23:04 AM"
,"2/14/2026, 12:23:06 AM",mandelbrot,1,f862561c-e278-4f57-b77e-68de67365a85,0c973c50-9d01-5055-ab85-a27928939dc5,ad3b2c71-b667-4537-9e7d-a82889921718,old-stock-consulting,old-stock-consulting-project,container,default,│ in _find_and_load_unlocked:1331                                              │,"2/14/2026, 12:23:04 AM"
,"2/14/2026, 12:23:06 AM",mandelbrot,1,f862561c-e278-4f57-b77e-68de67365a85,0c973c50-9d01-5055-ab85-a27928939dc5,ad3b2c71-b667-4537-9e7d-a82889921718,old-stock-consulting,old-stock-consulting-project,container,default,│ in _find_and_load:1360                                                       │,"2/14/2026, 12:23:04 AM"
,"2/14/2026, 12:23:06 AM",mandelbrot,1,f862561c-e278-4f57-b77e-68de67365a85,0c973c50-9d01-5055-ab85-a27928939dc5,ad3b2c71-b667-4537-9e7d-a82889921718,old-stock-consulting,old-stock-consulting-project,container,default,│ in _gcd_import:1387                                                          │,"2/14/2026, 12:23:04 AM"
,"2/14/2026, 12:23:06 AM",mandelbrot,1,f862561c-e278-4f57-b77e-68de67365a85,0c973c50-9d01-5055-ab85-a27928939dc5,ad3b2c71-b667-4537-9e7d-a82889921718,old-stock-consulting,old-stock-consulting-project,container,default,│    91 _RELOADING = {}                                                        │,"2/14/2026, 12:23:04 AM"
,"2/14/2026, 12:23:06 AM",mandelbrot,1,f862561c-e278-4f57-b77e-68de67365a85,0c973c50-9d01-5055-ab85-a27928939dc5,ad3b2c71-b667-4537-9e7d-a82889921718,old-stock-consulting,old-stock-consulting-project,container,default,│    90                                                                        │,"2/14/2026, 12:23:04 AM"
,"2/14/2026, 12:23:06 AM",mandelbrot,1,f862561c-e278-4f57-b77e-68de67365a85,0c973c50-9d01-5055-ab85-a27928939dc5,ad3b2c71-b667-4537-9e7d-a82889921718,old-stock-consulting,old-stock-consulting-project,container,default,│    89                                                                        │,"2/14/2026, 12:23:04 AM"
,"2/14/2026, 12:23:06 AM",mandelbrot,1,f862561c-e278-4f57-b77e-68de67365a85,0c973c50-9d01-5055-ab85-a27928939dc5,ad3b2c71-b667-4537-9e7d-a82889921718,old-stock-consulting,old-stock-consulting-project,container,default,"│ ❱  88 │   return _bootstrap._gcd_import(name[level:], package, level)        │","2/14/2026, 12:23:04 AM"
,"2/14/2026, 12:23:06 AM",mandelbrot,1,f862561c-e278-4f57-b77e-68de67365a85,0c973c50-9d01-5055-ab85-a27928939dc5,ad3b2c71-b667-4537-9e7d-a82889921718,old-stock-consulting,old-stock-consulting-project,container,default,│    87 │   │   │   level += 1                                                 │,"2/14/2026, 12:23:04 AM"
,"2/14/2026, 12:23:06 AM",mandelbrot,1,f862561c-e278-4f57-b77e-68de67365a85,0c973c50-9d01-5055-ab85-a27928939dc5,ad3b2c71-b667-4537-9e7d-a82889921718,old-stock-consulting,old-stock-consulting-project,container,default,│    86 │   │   │   │   break                                                  │,"2/14/2026, 12:23:04 AM"
,"2/14/2026, 12:23:06 AM",mandelbrot,1,f862561c-e278-4f57-b77e-68de67365a85,0c973c50-9d01-5055-ab85-a27928939dc5,ad3b2c71-b667-4537-9e7d-a82889921718,old-stock-consulting,old-stock-consulting-project,container,default,│    85 │   │   │   if character != '.':                                       │,"2/14/2026, 12:23:04 AM"
,"2/14/2026, 12:23:06 AM",mandelbrot,1,f862561c-e278-4f57-b77e-68de67365a85,0c973c50-9d01-5055-ab85-a27928939dc5,ad3b2c71-b667-4537-9e7d-a82889921718,old-stock-consulting,old-stock-consulting-project,container,default,│                                                                              │,"2/14/2026, 12:23:04 AM"
,"2/14/2026, 12:23:06 AM",mandelbrot,1,f862561c-e278-4f57-b77e-68de67365a85,0c973c50-9d01-5055-ab85-a27928939dc5,ad3b2c71-b667-4537-9e7d-a82889921718,old-stock-consulting,old-stock-consulting-project,container,default,│ /usr/local/lib/python3.13/importlib/__init__.py:88 in import_module          │,"2/14/2026, 12:23:04 AM"
,"2/14/2026, 12:23:06 AM",mandelbrot,1,f862561c-e278-4f57-b77e-68de67365a85,0c973c50-9d01-5055-ab85-a27928939dc5,ad3b2c71-b667-4537-9e7d-a82889921718,old-stock-consulting,old-stock-consulting-project,container,default,│                                                                              │,"2/14/2026, 12:23:04 AM"
,"2/14/2026, 12:23:06 AM",mandelbrot,1,f862561c-e278-4f57-b77e-68de67365a85,0c973c50-9d01-5055-ab85-a27928939dc5,ad3b2c71-b667-4537-9e7d-a82889921718,old-stock-consulting,old-stock-consulting-project,container,default,│    73 │   │   logger.warning(                                                │,"2/14/2026, 12:23:04 AM"
,"2/14/2026, 12:23:06 AM",mandelbrot,1,f862561c-e278-4f57-b77e-68de67365a85,0c973c50-9d01-5055-ab85-a27928939dc5,ad3b2c71-b667-4537-9e7d-a82889921718,old-stock-consulting,old-stock-consulting-project,container,default,"│    72 │   │   logger.error(f""Import error: {e}"")                             │","2/14/2026, 12:23:04 AM"
,"2/14/2026, 12:23:06 AM",mandelbrot,1,f862561c-e278-4f57-b77e-68de67365a85,0c973c50-9d01-5055-ab85-a27928939dc5,ad3b2c71-b667-4537-9e7d-a82889921718,old-stock-consulting,old-stock-consulting-project,container,default,"│    71 │   except (ImportError, ValueError) as e:                             │","2/14/2026, 12:23:04 AM"
,"2/14/2026, 12:23:06 AM",mandelbrot,1,f862561c-e278-4f57-b77e-68de67365a85,0c973c50-9d01-5055-ab85-a27928939dc5,ad3b2c71-b667-4537-9e7d-a82889921718,old-stock-consulting,old-stock-consulting-project,container,default,│ ❱  70 │   │   mod = importlib.import_module(mod_data.module_import_str)      │,"2/14/2026, 12:23:04 AM"
,"2/14/2026, 12:23:06 AM",mandelbrot,1,f862561c-e278-4f57-b77e-68de67365a85,0c973c50-9d01-5055-ab85-a27928939dc5,ad3b2c71-b667-4537-9e7d-a82889921718,old-stock-consulting,old-stock-consulting-project,container,default,│    69 │   try:                                                               │,"2/14/2026, 12:23:04 AM"
,"2/14/2026, 12:23:06 AM",mandelbrot,1,f862561c-e278-4f57-b77e-68de67365a85,0c973c50-9d01-5055-ab85-a27928939dc5,ad3b2c71-b667-4537-9e7d-a82889921718,old-stock-consulting,old-stock-consulting-project,container,default,"│    68 def get_app_name(*, mod_data: ModuleData, app_name: Union[str, None] = │","2/14/2026, 12:23:04 AM"
,"2/14/2026, 12:23:06 AM",mandelbrot,1,f862561c-e278-4f57-b77e-68de67365a85,0c973c50-9d01-5055-ab85-a27928939dc5,ad3b2c71-b667-4537-9e7d-a82889921718,old-stock-consulting,old-stock-consulting-project,container,default,│    67                                                                        │,"2/14/2026, 12:23:04 AM"
,"2/14/2026, 12:23:06 AM",mandelbrot,1,f862561c-e278-4f57-b77e-68de67365a85,0c973c50-9d01-5055-ab85-a27928939dc5,ad3b2c71-b667-4537-9e7d-a82889921718,old-stock-consulting,old-stock-consulting-project,container,default,│                                                                              │,"2/14/2026, 12:23:04 AM"
,"2/14/2026, 12:23:06 AM",mandelbrot,1,f862561c-e278-4f57-b77e-68de67365a85,0c973c50-9d01-5055-ab85-a27928939dc5,ad3b2c71-b667-4537-9e7d-a82889921718,old-stock-consulting,old-stock-consulting-project,container,default,│ get_app_name                                                                 │,"2/14/2026, 12:23:04 AM"
,"2/14/2026, 12:23:06 AM",mandelbrot,1,f862561c-e278-4f57-b77e-68de67365a85,0c973c50-9d01-5055-ab85-a27928939dc5,ad3b2c71-b667-4537-9e7d-a82889921718,old-stock-consulting,old-stock-consulting-project,container,default,│ /usr/local/lib/python3.13/site-packages/fastapi_cli/discover.py:70 in        │,"2/14/2026, 12:23:04 AM"
,"2/14/2026, 12:23:06 AM",mandelbrot,1,f862561c-e278-4f57-b77e-68de67365a85,0c973c50-9d01-5055-ab85-a27928939dc5,ad3b2c71-b667-4537-9e7d-a82889921718,old-stock-consulting,old-stock-consulting-project,container,default,│                                                                              │,"2/14/2026, 12:23:04 AM"
,"2/14/2026, 12:23:06 AM",mandelbrot,1,f862561c-e278-4f57-b77e-68de67365a85,0c973c50-9d01-5055-ab85-a27928939dc5,ad3b2c71-b667-4537-9e7d-a82889921718,old-stock-consulting,old-stock-consulting-project,container,default,│   129                                                                        │,"2/14/2026, 12:23:04 AM"
,"2/14/2026, 12:23:06 AM",mandelbrot,1,f862561c-e278-4f57-b77e-68de67365a85,0c973c50-9d01-5055-ab85-a27928939dc5,ad3b2c71-b667-4537-9e7d-a82889921718,old-stock-consulting,old-stock-consulting-project,container,default,"│   128 │   import_string = f""{mod_data.module_import_str}:{use_app_name}""     │","2/14/2026, 12:23:04 AM"
,"2/14/2026, 12:23:06 AM",mandelbrot,1,f862561c-e278-4f57-b77e-68de67365a85,0c973c50-9d01-5055-ab85-a27928939dc5,ad3b2c71-b667-4537-9e7d-a82889921718,old-stock-consulting,old-stock-consulting-project,container,default,│   127 │                                                                      │,"2/14/2026, 12:23:04 AM"
,"2/14/2026, 12:23:06 AM",mandelbrot,1,f862561c-e278-4f57-b77e-68de67365a85,0c973c50-9d01-5055-ab85-a27928939dc5,ad3b2c71-b667-4537-9e7d-a82889921718,old-stock-consulting,old-stock-consulting-project,container,default,"│ ❱ 126 │   use_app_name = get_app_name(mod_data=mod_data, app_name=app_name)  │","2/14/2026, 12:23:04 AM"
,"2/14/2026, 12:23:06 AM",mandelbrot,1,f862561c-e278-4f57-b77e-68de67365a85,0c973c50-9d01-5055-ab85-a27928939dc5,ad3b2c71-b667-4537-9e7d-a82889921718,old-stock-consulting,old-stock-consulting-project,container,default,"│   125 │   sys.path.insert(0, str(mod_data.extra_sys_path))                   │","2/14/2026, 12:23:04 AM"
,"2/14/2026, 12:23:06 AM",mandelbrot,1,f862561c-e278-4f57-b77e-68de67365a85,0c973c50-9d01-5055-ab85-a27928939dc5,ad3b2c71-b667-4537-9e7d-a82889921718,old-stock-consulting,old-stock-consulting-project,container,default,│   124 │   mod_data = get_module_data_from_path(path)                         │,"2/14/2026, 12:23:04 AM"
,"2/14/2026, 12:23:06 AM",mandelbrot,1,f862561c-e278-4f57-b77e-68de67365a85,0c973c50-9d01-5055-ab85-a27928939dc5,ad3b2c71-b667-4537-9e7d-a82889921718,old-stock-consulting,old-stock-consulting-project,container,default,"│   123 │   │   raise FastAPICLIException(f""Path does not exist {path}"")       │","2/14/2026, 12:23:04 AM"
,"2/14/2026, 12:23:06 AM",mandelbrot,1,f862561c-e278-4f57-b77e-68de67365a85,0c973c50-9d01-5055-ab85-a27928939dc5,ad3b2c71-b667-4537-9e7d-a82889921718,old-stock-consulting,old-stock-consulting-project,container,default,│                                                                              │,"2/14/2026, 12:23:04 AM"
,"2/14/2026, 12:23:06 AM",mandelbrot,1,f862561c-e278-4f57-b77e-68de67365a85,0c973c50-9d01-5055-ab85-a27928939dc5,ad3b2c71-b667-4537-9e7d-a82889921718,old-stock-consulting,old-stock-consulting-project,container,default,│ get_import_data                                                              │,"2/14/2026, 12:23:04 AM"
,"2/14/2026, 12:23:06 AM",mandelbrot,1,f862561c-e278-4f57-b77e-68de67365a85,0c973c50-9d01-5055-ab85-a27928939dc5,ad3b2c71-b667-4537-9e7d-a82889921718,old-stock-consulting,old-stock-consulting-project,container,default,│ /usr/local/lib/python3.13/site-packages/fastapi_cli/discover.py:126 in       │,"2/14/2026, 12:23:04 AM"
,"2/14/2026, 12:23:06 AM",mandelbrot,1,f862561c-e278-4f57-b77e-68de67365a85,0c973c50-9d01-5055-ab85-a27928939dc5,ad3b2c71-b667-4537-9e7d-a82889921718,old-stock-consulting,old-stock-consulting-project,container,default,│                                                                              │,"2/14/2026, 12:23:04 AM"
,"2/14/2026, 12:23:06 AM",mandelbrot,1,f862561c-e278-4f57-b77e-68de67365a85,0c973c50-9d01-5055-ab85-a27928939dc5,ad3b2c71-b667-4537-9e7d-a82889921718,old-stock-consulting,old-stock-consulting-project,container,default,│   155 │   │   │   else:                                                      │,"2/14/2026, 12:23:04 AM"
,"2/14/2026, 12:23:06 AM",mandelbrot,1,f862561c-e278-4f57-b77e-68de67365a85,0c973c50-9d01-5055-ab85-a27928939dc5,ad3b2c71-b667-4537-9e7d-a82889921718,old-stock-consulting,old-stock-consulting-project,container,default,│   154 │   │   │   │   import_data = get_import_data_from_import_string(confi │,"2/14/2026, 12:23:04 AM"
,"2/14/2026, 12:23:06 AM",mandelbrot,1,f862561c-e278-4f57-b77e-68de67365a85,0c973c50-9d01-5055-ab85-a27928939dc5,ad3b2c71-b667-4537-9e7d-a82889921718,old-stock-consulting,old-stock-consulting-project,container,default,│   153 │   │   │   elif config.entrypoint:                                    │,"2/14/2026, 12:23:04 AM"
,"2/14/2026, 12:23:06 AM",mandelbrot,1,f862561c-e278-4f57-b77e-68de67365a85,0c973c50-9d01-5055-ab85-a27928939dc5,ad3b2c71-b667-4537-9e7d-a82889921718,old-stock-consulting,old-stock-consulting-project,container,default,"│ ❱ 152 │   │   │   │   import_data = get_import_data(path=path, app_name=app) │","2/14/2026, 12:23:04 AM"
,"2/14/2026, 12:23:06 AM",mandelbrot,1,f862561c-e278-4f57-b77e-68de67365a85,0c973c50-9d01-5055-ab85-a27928939dc5,ad3b2c71-b667-4537-9e7d-a82889921718,old-stock-consulting,old-stock-consulting-project,container,default,│   151 │   │   │   if path or app:                                            │,"2/14/2026, 12:23:04 AM"
,"2/14/2026, 12:23:06 AM",mandelbrot,1,f862561c-e278-4f57-b77e-68de67365a85,0c973c50-9d01-5055-ab85-a27928939dc5,ad3b2c71-b667-4537-9e7d-a82889921718,old-stock-consulting,old-stock-consulting-project,container,default,│   150 │   │   │   # Resolve import data with priority: CLI path/app > config │,"2/14/2026, 12:23:04 AM"
,"2/14/2026, 12:23:06 AM",mandelbrot,1,f862561c-e278-4f57-b77e-68de67365a85,0c973c50-9d01-5055-ab85-a27928939dc5,ad3b2c71-b667-4537-9e7d-a82889921718,old-stock-consulting,old-stock-consulting-project,container,default,│   149 │   │   try:                                                           │,"2/14/2026, 12:23:04 AM"
,"2/14/2026, 12:23:06 AM",mandelbrot,1,f862561c-e278-4f57-b77e-68de67365a85,0c973c50-9d01-5055-ab85-a27928939dc5,ad3b2c71-b667-4537-9e7d-a82889921718,old-stock-consulting,old-stock-consulting-project,container,default,│                                                                              │,"2/14/2026, 12:23:04 AM"
,"2/14/2026, 12:23:06 AM",mandelbrot,1,f862561c-e278-4f57-b77e-68de67365a85,0c973c50-9d01-5055-ab85-a27928939dc5,ad3b2c71-b667-4537-9e7d-a82889921718,old-stock-consulting,old-stock-consulting-project,container,default,│ /usr/local/lib/python3.13/site-packages/fastapi_cli/cli.py:152 in _run       │,"2/14/2026, 12:23:04 AM"
,"2/14/2026, 12:23:06 AM",mandelbrot,1,f862561c-e278-4f57-b77e-68de67365a85,0c973c50-9d01-5055-ab85-a27928939dc5,ad3b2c71-b667-4537-9e7d-a82889921718,old-stock-consulting,old-stock-consulting-project,container,default,│                                                                              │,"2/14/2026, 12:23:04 AM"
,"2/14/2026, 12:23:06 AM",mandelbrot,1,f862561c-e278-4f57-b77e-68de67365a85,0c973c50-9d01-5055-ab85-a27928939dc5,ad3b2c71-b667-4537-9e7d-a82889921718,old-stock-consulting,old-stock-consulting-project,container,default,"│   438 │   │   port=port,                                                     │","2/14/2026, 12:23:04 AM"
,"2/14/2026, 12:23:06 AM",mandelbrot,1,f862561c-e278-4f57-b77e-68de67365a85,0c973c50-9d01-5055-ab85-a27928939dc5,ad3b2c71-b667-4537-9e7d-a82889921718,old-stock-consulting,old-stock-consulting-project,container,default,"│   437 │   │   host=host,                                                     │","2/14/2026, 12:23:04 AM"
,"2/14/2026, 12:23:06 AM",mandelbrot,1,f862561c-e278-4f57-b77e-68de67365a85,0c973c50-9d01-5055-ab85-a27928939dc5,ad3b2c71-b667-4537-9e7d-a82889921718,old-stock-consulting,old-stock-consulting-project,container,default,"│   436 │   │   path=path,                                                     │","2/14/2026, 12:23:04 AM"
,"2/14/2026, 12:23:06 AM",mandelbrot,1,f862561c-e278-4f57-b77e-68de67365a85,0c973c50-9d01-5055-ab85-a27928939dc5,ad3b2c71-b667-4537-9e7d-a82889921718,old-stock-consulting,old-stock-consulting-project,container,default,│ ❱ 435 │   _run(                                                              │,"2/14/2026, 12:23:04 AM"
,"2/14/2026, 12:23:06 AM",mandelbrot,1,f862561c-e278-4f57-b77e-68de67365a85,0c973c50-9d01-5055-ab85-a27928939dc5,ad3b2c71-b667-4537-9e7d-a82889921718,old-stock-consulting,old-stock-consulting-project,container,default,"│   434 │   """"""                                                                │","2/14/2026, 12:23:04 AM"
,"2/14/2026, 12:23:06 AM",mandelbrot,1,f862561c-e278-4f57-b77e-68de67365a85,0c973c50-9d01-5055-ab85-a27928939dc5,ad3b2c71-b667-4537-9e7d-a82889921718,old-stock-consulting,old-stock-consulting-project,container,default,"│   433 │   Otherwise, it uses the first [bold]FastAPI[/bold] app found in the │","2/14/2026, 12:23:04 AM"
,"2/14/2026, 12:23:06 AM",mandelbrot,1,f862561c-e278-4f57-b77e-68de67365a85,0c973c50-9d01-5055-ab85-a27928939dc5,ad3b2c71-b667-4537-9e7d-a82889921718,old-stock-consulting,old-stock-consulting-project,container,default,│   432 │                                                                      │,"2/14/2026, 12:23:04 AM"
,"2/14/2026, 12:23:06 AM",mandelbrot,1,f862561c-e278-4f57-b77e-68de67365a85,0c973c50-9d01-5055-ab85-a27928939dc5,ad3b2c71-b667-4537-9e7d-a82889921718,old-stock-consulting,old-stock-consulting-project,container,default,│                                                                              │,"2/14/2026, 12:23:04 AM"
,"2/14/2026, 12:23:06 AM",mandelbrot,1,f862561c-e278-4f57-b77e-68de67365a85,0c973c50-9d01-5055-ab85-a27928939dc5,ad3b2c71-b667-4537-9e7d-a82889921718,old-stock-consulting,old-stock-consulting-project,container,default,│ /usr/local/lib/python3.13/site-packages/fastapi_cli/cli.py:435 in run        │,"2/14/2026, 12:23:04 AM"
,"2/14/2026, 12:23:06 AM",mandelbrot,1,f862561c-e278-4f57-b77e-68de67365a85,0c973c50-9d01-5055-ab85-a27928939dc5,ad3b2c71-b667-4537-9e7d-a82889921718,old-stock-consulting,old-stock-consulting-project,container,default,╭───────────────────── Traceback (most recent call last) ──────────────────────╮,"2/14/2026, 12:23:04 AM"
,"2/14/2026, 12:23:06 AM",mandelbrot,1,f862561c-e278-4f57-b77e-68de67365a85,0c973c50-9d01-5055-ab85-a27928939dc5,ad3b2c71-b667-4537-9e7d-a82889921718,old-stock-consulting,old-stock-consulting-project,container,default,,"2/14/2026, 12:23:04 AM"
,"2/14/2026, 12:23:06 AM",mandelbrot,1,f862561c-e278-4f57-b77e-68de67365a85,0c973c50-9d01-5055-ab85-a27928939dc5,ad3b2c71-b667-4537-9e7d-a82889921718,old-stock-consulting,old-stock-consulting-project,container,default,WARNING  Ensure all the package directories have an __init__.py file            ,"2/14/2026, 12:23:04 AM"
,"2/14/2026, 12:23:06 AM",mandelbrot,1,f862561c-e278-4f57-b77e-68de67365a85,0c973c50-9d01-5055-ab85-a27928939dc5,ad3b2c71-b667-4537-9e7d-a82889921718,old-stock-consulting,old-stock-consulting-project,container,default,ERROR    Import error: No module named 'mandelbrot'                             ,"2/14/2026, 12:23:04 AM"
,"2/14/2026, 12:23:06 AM",mandelbrot,1,f862561c-e278-4f57-b77e-68de67365a85,0c973c50-9d01-5055-ab85-a27928939dc5,ad3b2c71-b667-4537-9e7d-a82889921718,old-stock-consulting,old-stock-consulting-project,container,default,             __init__.py files                                                  ,"2/14/2026, 12:23:04 AM"
,"2/14/2026, 12:23:06 AM",mandelbrot,1,f862561c-e278-4f57-b77e-68de67365a85,0c973c50-9d01-5055-ab85-a27928939dc5,ad3b2c71-b667-4537-9e7d-a82889921718,old-stock-consulting,old-stock-consulting-project,container,default,             Searching for package file structure from directories with         ,"2/14/2026, 12:23:04 AM"
,"2/14/2026, 12:23:06 AM",mandelbrot,1,f862561c-e278-4f57-b77e-68de67365a85,0c973c50-9d01-5055-ab85-a27928939dc5,ad3b2c71-b667-4537-9e7d-a82889921718,old-stock-consulting,old-stock-consulting-project,container,default, ,"2/14/2026, 12:23:04 AM"
,"2/14/2026, 12:23:06 AM",mandelbrot,1,f862561c-e278-4f57-b77e-68de67365a85,0c973c50-9d01-5055-ab85-a27928939dc5,ad3b2c71-b667-4537-9e7d-a82889921718,old-stock-consulting,old-stock-consulting-project,container,default,   FastAPI   Starting production server 🚀,"2/14/2026, 12:23:04 AM"
,"2/14/2026, 12:22:57 AM",mandelbrot,1,57b13178-9181-4bff-be59-b823aa10e1b3,0c973c50-9d01-5055-ab85-a27928939dc5,ad3b2c71-b667-4537-9e7d-a82889921718,old-stock-consulting,old-stock-consulting-project,container,default,ModuleNotFoundError: No module named 'mandelbrot',"2/14/2026, 12:22:55 AM"
,"2/14/2026, 12:22:57 AM",mandelbrot,1,57b13178-9181-4bff-be59-b823aa10e1b3,0c973c50-9d01-5055-ab85-a27928939dc5,ad3b2c71-b667-4537-9e7d-a82889921718,old-stock-consulting,old-stock-consulting-project,container,default,╰──────────────────────────────────────────────────────────────────────────────╯,"2/14/2026, 12:22:55 AM"
,"2/14/2026, 12:22:57 AM",mandelbrot,1,57b13178-9181-4bff-be59-b823aa10e1b3,0c973c50-9d01-5055-ab85-a27928939dc5,ad3b2c71-b667-4537-9e7d-a82889921718,old-stock-consulting,old-stock-consulting-project,container,default,│     7 from fastapi.responses import RedirectResponse                         │,"2/14/2026, 12:22:55 AM"
,"2/14/2026, 12:22:57 AM",mandelbrot,1,57b13178-9181-4bff-be59-b823aa10e1b3,0c973c50-9d01-5055-ab85-a27928939dc5,ad3b2c71-b667-4537-9e7d-a82889921718,old-stock-consulting,old-stock-consulting-project,container,default,"│     6 from fastapi import FastAPI, status                                    │","2/14/2026, 12:22:55 AM"
,"2/14/2026, 12:22:57 AM",mandelbrot,1,57b13178-9181-4bff-be59-b823aa10e1b3,0c973c50-9d01-5055-ab85-a27928939dc5,ad3b2c71-b667-4537-9e7d-a82889921718,old-stock-consulting,old-stock-consulting-project,container,default,│     5 import uvicorn                                                         │,"2/14/2026, 12:22:55 AM"
,"2/14/2026, 12:22:57 AM",mandelbrot,1,57b13178-9181-4bff-be59-b823aa10e1b3,0c973c50-9d01-5055-ab85-a27928939dc5,ad3b2c71-b667-4537-9e7d-a82889921718,old-stock-consulting,old-stock-consulting-project,container,default,│ ❱   4 import mandelbrot                                                      │,"2/14/2026, 12:22:55 AM"
,"2/14/2026, 12:22:57 AM",mandelbrot,1,57b13178-9181-4bff-be59-b823aa10e1b3,0c973c50-9d01-5055-ab85-a27928939dc5,ad3b2c71-b667-4537-9e7d-a82889921718,old-stock-consulting,old-stock-consulting-project,container,default,│     3 import logging                                                         │,"2/14/2026, 12:22:55 AM"
,"2/14/2026, 12:22:57 AM",mandelbrot,1,57b13178-9181-4bff-be59-b823aa10e1b3,0c973c50-9d01-5055-ab85-a27928939dc5,ad3b2c71-b667-4537-9e7d-a82889921718,old-stock-consulting,old-stock-consulting-project,container,default,│     2 import base64                                                          │,"2/14/2026, 12:22:55 AM"
,"2/14/2026, 12:22:57 AM",mandelbrot,1,57b13178-9181-4bff-be59-b823aa10e1b3,0c973c50-9d01-5055-ab85-a27928939dc5,ad3b2c71-b667-4537-9e7d-a82889921718,old-stock-consulting,old-stock-consulting-project,container,default,│     1 import asyncio                                                         │,"2/14/2026, 12:22:55 AM"
,"2/14/2026, 12:22:57 AM",mandelbrot,1,57b13178-9181-4bff-be59-b823aa10e1b3,0c973c50-9d01-5055-ab85-a27928939dc5,ad3b2c71-b667-4537-9e7d-a82889921718,old-stock-consulting,old-stock-consulting-project,container,default,│                                                                              │,"2/14/2026, 12:22:55 AM"
,"2/14/2026, 12:22:57 AM",mandelbrot,1,57b13178-9181-4bff-be59-b823aa10e1b3,0c973c50-9d01-5055-ab85-a27928939dc5,ad3b2c71-b667-4537-9e7d-a82889921718,old-stock-consulting,old-stock-consulting-project,container,default,│ /app/main.py:4 in <module>                                                   │,"2/14/2026, 12:22:55 AM"
,"2/14/2026, 12:22:57 AM",mandelbrot,1,57b13178-9181-4bff-be59-b823aa10e1b3,0c973c50-9d01-5055-ab85-a27928939dc5,ad3b2c71-b667-4537-9e7d-a82889921718,old-stock-consulting,old-stock-consulting-project,container,default,│                                                                              │,"2/14/2026, 12:22:55 AM"
,"2/14/2026, 12:22:57 AM",mandelbrot,1,57b13178-9181-4bff-be59-b823aa10e1b3,0c973c50-9d01-5055-ab85-a27928939dc5,ad3b2c71-b667-4537-9e7d-a82889921718,old-stock-consulting,old-stock-consulting-project,container,default,│ in _call_with_frames_removed:488                                             │,"2/14/2026, 12:22:55 AM"
,"2/14/2026, 12:22:57 AM",mandelbrot,1,57b13178-9181-4bff-be59-b823aa10e1b3,0c973c50-9d01-5055-ab85-a27928939dc5,ad3b2c71-b667-4537-9e7d-a82889921718,old-stock-consulting,old-stock-consulting-project,container,default,│ in exec_module:1026                                                          │,"2/14/2026, 12:22:55 AM"
,"2/14/2026, 12:22:57 AM",mandelbrot,1,57b13178-9181-4bff-be59-b823aa10e1b3,0c973c50-9d01-5055-ab85-a27928939dc5,ad3b2c71-b667-4537-9e7d-a82889921718,old-stock-consulting,old-stock-consulting-project,container,default,│ in _load_unlocked:935                                                        │,"2/14/2026, 12:22:55 AM"
,"2/14/2026, 12:22:57 AM",mandelbrot,1,57b13178-9181-4bff-be59-b823aa10e1b3,0c973c50-9d01-5055-ab85-a27928939dc5,ad3b2c71-b667-4537-9e7d-a82889921718,old-stock-consulting,old-stock-consulting-project,container,default,│ in _find_and_load_unlocked:1331                                              │,"2/14/2026, 12:22:55 AM"
,"2/14/2026, 12:22:57 AM",mandelbrot,1,57b13178-9181-4bff-be59-b823aa10e1b3,0c973c50-9d01-5055-ab85-a27928939dc5,ad3b2c71-b667-4537-9e7d-a82889921718,old-stock-consulting,old-stock-consulting-project,container,default,│ in _find_and_load:1360                                                       │,"2/14/2026, 12:22:55 AM"
,"2/14/2026, 12:22:57 AM",mandelbrot,1,57b13178-9181-4bff-be59-b823aa10e1b3,0c973c50-9d01-5055-ab85-a27928939dc5,ad3b2c71-b667-4537-9e7d-a82889921718,old-stock-consulting,old-stock-consulting-project,container,default,│ in _gcd_import:1387                                                          │,"2/14/2026, 12:22:55 AM"
,"2/14/2026, 12:22:57 AM",mandelbrot,1,57b13178-9181-4bff-be59-b823aa10e1b3,0c973c50-9d01-5055-ab85-a27928939dc5,ad3b2c71-b667-4537-9e7d-a82889921718,old-stock-consulting,old-stock-consulting-project,container,default,│    91 _RELOADING = {}                                                        │,"2/14/2026, 12:22:55 AM"
,"2/14/2026, 12:22:57 AM",mandelbrot,1,57b13178-9181-4bff-be59-b823aa10e1b3,0c973c50-9d01-5055-ab85-a27928939dc5,ad3b2c71-b667-4537-9e7d-a82889921718,old-stock-consulting,old-stock-consulting-project,container,default,│    90                                                                        │,"2/14/2026, 12:22:55 AM"
,"2/14/2026, 12:22:57 AM",mandelbrot,1,57b13178-9181-4bff-be59-b823aa10e1b3,0c973c50-9d01-5055-ab85-a27928939dc5,ad3b2c71-b667-4537-9e7d-a82889921718,old-stock-consulting,old-stock-consulting-project,container,default,│    89                                                                        │,"2/14/2026, 12:22:55 AM"
,"2/14/2026, 12:22:57 AM",mandelbrot,1,57b13178-9181-4bff-be59-b823aa10e1b3,0c973c50-9d01-5055-ab85-a27928939dc5,ad3b2c71-b667-4537-9e7d-a82889921718,old-stock-consulting,old-stock-consulting-project,container,default,"│ ❱  88 │   return _bootstrap._gcd_import(name[level:], package, level)        │","2/14/2026, 12:22:55 AM"
,"2/14/2026, 12:22:57 AM",mandelbrot,1,57b13178-9181-4bff-be59-b823aa10e1b3,0c973c50-9d01-5055-ab85-a27928939dc5,ad3b2c71-b667-4537-9e7d-a82889921718,old-stock-consulting,old-stock-consulting-project,container,default,│    87 │   │   │   level += 1                                                 │,"2/14/2026, 12:22:55 AM"
,"2/14/2026, 12:22:57 AM",mandelbrot,1,57b13178-9181-4bff-be59-b823aa10e1b3,0c973c50-9d01-5055-ab85-a27928939dc5,ad3b2c71-b667-4537-9e7d-a82889921718,old-stock-consulting,old-stock-consulting-project,container,default,│    86 │   │   │   │   break                                                  │,"2/14/2026, 12:22:55 AM"
,"2/14/2026, 12:22:57 AM",mandelbrot,1,57b13178-9181-4bff-be59-b823aa10e1b3,0c973c50-9d01-5055-ab85-a27928939dc5,ad3b2c71-b667-4537-9e7d-a82889921718,old-stock-consulting,old-stock-consulting-project,container,default,│    85 │   │   │   if character != '.':                                       │,"2/14/2026, 12:22:55 AM"
,"2/14/2026, 12:22:57 AM",mandelbrot,1,57b13178-9181-4bff-be59-b823aa10e1b3,0c973c50-9d01-5055-ab85-a27928939dc5,ad3b2c71-b667-4537-9e7d-a82889921718,old-stock-consulting,old-stock-consulting-project,container,default,│                                                                              │,"2/14/2026, 12:22:55 AM"
,"2/14/2026, 12:22:57 AM",mandelbrot,1,57b13178-9181-4bff-be59-b823aa10e1b3,0c973c50-9d01-5055-ab85-a27928939dc5,ad3b2c71-b667-4537-9e7d-a82889921718,old-stock-consulting,old-stock-consulting-project,container,default,│ /usr/local/lib/python3.13/importlib/__init__.py:88 in import_module          │,"2/14/2026, 12:22:55 AM"
,"2/14/2026, 12:22:57 AM",mandelbrot,1,57b13178-9181-4bff-be59-b823aa10e1b3,0c973c50-9d01-5055-ab85-a27928939dc5,ad3b2c71-b667-4537-9e7d-a82889921718,old-stock-consulting,old-stock-consulting-project,container,default,│                                                                              │,"2/14/2026, 12:22:55 AM"
,"2/14/2026, 12:22:57 AM",mandelbrot,1,57b13178-9181-4bff-be59-b823aa10e1b3,0c973c50-9d01-5055-ab85-a27928939dc5,ad3b2c71-b667-4537-9e7d-a82889921718,old-stock-consulting,old-stock-consulting-project,container,default,│    73 │   │   logger.warning(                                                │,"2/14/2026, 12:22:55 AM"
,"2/14/2026, 12:22:57 AM",mandelbrot,1,57b13178-9181-4bff-be59-b823aa10e1b3,0c973c50-9d01-5055-ab85-a27928939dc5,ad3b2c71-b667-4537-9e7d-a82889921718,old-stock-consulting,old-stock-consulting-project,container,default,"│    72 │   │   logger.error(f""Import error: {e}"")                             │","2/14/2026, 12:22:55 AM"
,"2/14/2026, 12:22:57 AM",mandelbrot,1,57b13178-9181-4bff-be59-b823aa10e1b3,0c973c50-9d01-5055-ab85-a27928939dc5,ad3b2c71-b667-4537-9e7d-a82889921718,old-stock-consulting,old-stock-consulting-project,container,default,"│    71 │   except (ImportError, ValueError) as e:                             │","2/14/2026, 12:22:55 AM"
,"2/14/2026, 12:22:57 AM",mandelbrot,1,57b13178-9181-4bff-be59-b823aa10e1b3,0c973c50-9d01-5055-ab85-a27928939dc5,ad3b2c71-b667-4537-9e7d-a82889921718,old-stock-consulting,old-stock-consulting-project,container,default,│ ❱  70 │   │   mod = importlib.import_module(mod_data.module_import_str)      │,"2/14/2026, 12:22:55 AM"
,"2/14/2026, 12:22:57 AM",mandelbrot,1,57b13178-9181-4bff-be59-b823aa10e1b3,0c973c50-9d01-5055-ab85-a27928939dc5,ad3b2c71-b667-4537-9e7d-a82889921718,old-stock-consulting,old-stock-consulting-project,container,default,│    69 │   try:                                                               │,"2/14/2026, 12:22:55 AM"
,"2/14/2026, 12:22:57 AM",mandelbrot,1,57b13178-9181-4bff-be59-b823aa10e1b3,0c973c50-9d01-5055-ab85-a27928939dc5,ad3b2c71-b667-4537-9e7d-a82889921718,old-stock-consulting,old-stock-consulting-project,container,default,"│    68 def get_app_name(*, mod_data: ModuleData, app_name: Union[str, None] = │","2/14/2026, 12:22:55 AM"
,"2/14/2026, 12:22:57 AM",mandelbrot,1,57b13178-9181-4bff-be59-b823aa10e1b3,0c973c50-9d01-5055-ab85-a27928939dc5,ad3b2c71-b667-4537-9e7d-a82889921718,old-stock-consulting,old-stock-consulting-project,container,default,│    67                                                                        │,"2/14/2026, 12:22:55 AM"
,"2/14/2026, 12:22:57 AM",mandelbrot,1,57b13178-9181-4bff-be59-b823aa10e1b3,0c973c50-9d01-5055-ab85-a27928939dc5,ad3b2c71-b667-4537-9e7d-a82889921718,old-stock-consulting,old-stock-consulting-project,container,default,│                                                                              │,"2/14/2026, 12:22:55 AM"
,"2/14/2026, 12:22:57 AM",mandelbrot,1,57b13178-9181-4bff-be59-b823aa10e1b3,0c973c50-9d01-5055-ab85-a27928939dc5,ad3b2c71-b667-4537-9e7d-a82889921718,old-stock-consulting,old-stock-consulting-project,container,default,│ get_app_name                                                                 │,"2/14/2026, 12:22:55 AM"
,"2/14/2026, 12:22:57 AM",mandelbrot,1,57b13178-9181-4bff-be59-b823aa10e1b3,0c973c50-9d01-5055-ab85-a27928939dc5,ad3b2c71-b667-4537-9e7d-a82889921718,old-stock-consulting,old-stock-consulting-project,container,default,│ /usr/local/lib/python3.13/site-packages/fastapi_cli/discover.py:70 in        │,"2/14/2026, 12:22:55 AM"
,"2/14/2026, 12:22:57 AM",mandelbrot,1,57b13178-9181-4bff-be59-b823aa10e1b3,0c973c50-9d01-5055-ab85-a27928939dc5,ad3b2c71-b667-4537-9e7d-a82889921718,old-stock-consulting,old-stock-consulting-project,container,default,│                                                                              │,"2/14/2026, 12:22:55 AM"
,"2/14/2026, 12:22:57 AM",mandelbrot,1,57b13178-9181-4bff-be59-b823aa10e1b3,0c973c50-9d01-5055-ab85-a27928939dc5,ad3b2c71-b667-4537-9e7d-a82889921718,old-stock-consulting,old-stock-consulting-project,container,default,│   129                                                                        │,"2/14/2026, 12:22:55 AM"
,"2/14/2026, 12:22:57 AM",mandelbrot,1,57b13178-9181-4bff-be59-b823aa10e1b3,0c973c50-9d01-5055-ab85-a27928939dc5,ad3b2c71-b667-4537-9e7d-a82889921718,old-stock-consulting,old-stock-consulting-project,container,default,"│   128 │   import_string = f""{mod_data.module_import_str}:{use_app_name}""     │","2/14/2026, 12:22:55 AM"
,"2/14/2026, 12:22:57 AM",mandelbrot,1,57b13178-9181-4bff-be59-b823aa10e1b3,0c973c50-9d01-5055-ab85-a27928939dc5,ad3b2c71-b667-4537-9e7d-a82889921718,old-stock-consulting,old-stock-consulting-project,container,default,│   127 │                                                                      │,"2/14/2026, 12:22:55 AM"
,"2/14/2026, 12:22:57 AM",mandelbrot,1,57b13178-9181-4bff-be59-b823aa10e1b3,0c973c50-9d01-5055-ab85-a27928939dc5,ad3b2c71-b667-4537-9e7d-a82889921718,old-stock-consulting,old-stock-consulting-project,container,default,"│ ❱ 126 │   use_app_name = get_app_name(mod_data=mod_data, app_name=app_name)  │","2/14/2026, 12:22:55 AM"
,"2/14/2026, 12:22:57 AM",mandelbrot,1,57b13178-9181-4bff-be59-b823aa10e1b3,0c973c50-9d01-5055-ab85-a27928939dc5,ad3b2c71-b667-4537-9e7d-a82889921718,old-stock-consulting,old-stock-consulting-project,container,default,"│   125 │   sys.path.insert(0, str(mod_data.extra_sys_path))                   │","2/14/2026, 12:22:55 AM"
,"2/14/2026, 12:22:57 AM",mandelbrot,1,57b13178-9181-4bff-be59-b823aa10e1b3,0c973c50-9d01-5055-ab85-a27928939dc5,ad3b2c71-b667-4537-9e7d-a82889921718,old-stock-consulting,old-stock-consulting-project,container,default,│   124 │   mod_data = get_module_data_from_path(path)                         │,"2/14/2026, 12:22:55 AM"
,"2/14/2026, 12:22:57 AM",mandelbrot,1,57b13178-9181-4bff-be59-b823aa10e1b3,0c973c50-9d01-5055-ab85-a27928939dc5,ad3b2c71-b667-4537-9e7d-a82889921718,old-stock-consulting,old-stock-consulting-project,container,default,"│   123 │   │   raise FastAPICLIException(f""Path does not exist {path}"")       │","2/14/2026, 12:22:55 AM"
,"2/14/2026, 12:22:57 AM",mandelbrot,1,57b13178-9181-4bff-be59-b823aa10e1b3,0c973c50-9d01-5055-ab85-a27928939dc5,ad3b2c71-b667-4537-9e7d-a82889921718,old-stock-consulting,old-stock-consulting-project,container,default,│                                                                              │,"2/14/2026, 12:22:55 AM"
,"2/14/2026, 12:22:57 AM",mandelbrot,1,57b13178-9181-4bff-be59-b823aa10e1b3,0c973c50-9d01-5055-ab85-a27928939dc5,ad3b2c71-b667-4537-9e7d-a82889921718,old-stock-consulting,old-stock-consulting-project,container,default,│ get_import_data                                                              │,"2/14/2026, 12:22:55 AM"
,"2/14/2026, 12:22:57 AM",mandelbrot,1,57b13178-9181-4bff-be59-b823aa10e1b3,0c973c50-9d01-5055-ab85-a27928939dc5,ad3b2c71-b667-4537-9e7d-a82889921718,old-stock-consulting,old-stock-consulting-project,container,default,│ /usr/local/lib/python3.13/site-packages/fastapi_cli/discover.py:126 in       │,"2/14/2026, 12:22:55 AM"
,"2/14/2026, 12:22:57 AM",mandelbrot,1,57b13178-9181-4bff-be59-b823aa10e1b3,0c973c50-9d01-5055-ab85-a27928939dc5,ad3b2c71-b667-4537-9e7d-a82889921718,old-stock-consulting,old-stock-consulting-project,container,default,│                                                                              │,"2/14/2026, 12:22:55 AM"
,"2/14/2026, 12:22:57 AM",mandelbrot,1,57b13178-9181-4bff-be59-b823aa10e1b3,0c973c50-9d01-5055-ab85-a27928939dc5,ad3b2c71-b667-4537-9e7d-a82889921718,old-stock-consulting,old-stock-consulting-project,container,default,│   155 │   │   │   else:                                                      │,"2/14/2026, 12:22:55 AM"
,"2/14/2026, 12:22:57 AM",mandelbrot,1,57b13178-9181-4bff-be59-b823aa10e1b3,0c973c50-9d01-5055-ab85-a27928939dc5,ad3b2c71-b667-4537-9e7d-a82889921718,old-stock-consulting,old-stock-consulting-project,container,default,│   154 │   │   │   │   import_data = get_import_data_from_import_string(confi │,"2/14/2026, 12:22:55 AM"
,"2/14/2026, 12:22:57 AM",mandelbrot,1,57b13178-9181-4bff-be59-b823aa10e1b3,0c973c50-9d01-5055-ab85-a27928939dc5,ad3b2c71-b667-4537-9e7d-a82889921718,old-stock-consulting,old-stock-consulting-project,container,default,│   153 │   │   │   elif config.entrypoint:                                    │,"2/14/2026, 12:22:55 AM"
,"2/14/2026, 12:22:57 AM",mandelbrot,1,57b13178-9181-4bff-be59-b823aa10e1b3,0c973c50-9d01-5055-ab85-a27928939dc5,ad3b2c71-b667-4537-9e7d-a82889921718,old-stock-consulting,old-stock-consulting-project,container,default,"│ ❱ 152 │   │   │   │   import_data = get_import_data(path=path, app_name=app) │","2/14/2026, 12:22:55 AM"
,"2/14/2026, 12:22:57 AM",mandelbrot,1,57b13178-9181-4bff-be59-b823aa10e1b3,0c973c50-9d01-5055-ab85-a27928939dc5,ad3b2c71-b667-4537-9e7d-a82889921718,old-stock-consulting,old-stock-consulting-project,container,default,│   151 │   │   │   if path or app:                                            │,"2/14/2026, 12:22:55 AM"
,"2/14/2026, 12:22:57 AM",mandelbrot,1,57b13178-9181-4bff-be59-b823aa10e1b3,0c973c50-9d01-5055-ab85-a27928939dc5,ad3b2c71-b667-4537-9e7d-a82889921718,old-stock-consulting,old-stock-consulting-project,container,default,│   150 │   │   │   # Resolve import data with priority: CLI path/app > config │,"2/14/2026, 12:22:55 AM"
,"2/14/2026, 12:22:57 AM",mandelbrot,1,57b13178-9181-4bff-be59-b823aa10e1b3,0c973c50-9d01-5055-ab85-a27928939dc5,ad3b2c71-b667-4537-9e7d-a82889921718,old-stock-consulting,old-stock-consulting-project,container,default,│   149 │   │   try:                                                           │,"2/14/2026, 12:22:55 AM"
,"2/14/2026, 12:22:57 AM",mandelbrot,1,57b13178-9181-4bff-be59-b823aa10e1b3,0c973c50-9d01-5055-ab85-a27928939dc5,ad3b2c71-b667-4537-9e7d-a82889921718,old-stock-consulting,old-stock-consulting-project,container,default,│                                                                              │,"2/14/2026, 12:22:55 AM"
,"2/14/2026, 12:22:57 AM",mandelbrot,1,57b13178-9181-4bff-be59-b823aa10e1b3,0c973c50-9d01-5055-ab85-a27928939dc5,ad3b2c71-b667-4537-9e7d-a82889921718,old-stock-consulting,old-stock-consulting-project,container,default,│ /usr/local/lib/python3.13/site-packages/fastapi_cli/cli.py:152 in _run       │,"2/14/2026, 12:22:55 AM"
,"2/14/2026, 12:22:57 AM",mandelbrot,1,57b13178-9181-4bff-be59-b823aa10e1b3,0c973c50-9d01-5055-ab85-a27928939dc5,ad3b2c71-b667-4537-9e7d-a82889921718,old-stock-consulting,old-stock-consulting-project,container,default,│                                                                              │,"2/14/2026, 12:22:55 AM"
,"2/14/2026, 12:22:57 AM",mandelbrot,1,57b13178-9181-4bff-be59-b823aa10e1b3,0c973c50-9d01-5055-ab85-a27928939dc5,ad3b2c71-b667-4537-9e7d-a82889921718,old-stock-consulting,old-stock-consulting-project,container,default,"│   438 │   │   port=port,                                                     │","2/14/2026, 12:22:55 AM"
,"2/14/2026, 12:22:57 AM",mandelbrot,1,57b13178-9181-4bff-be59-b823aa10e1b3,0c973c50-9d01-5055-ab85-a27928939dc5,ad3b2c71-b667-4537-9e7d-a82889921718,old-stock-consulting,old-stock-consulting-project,container,default,"│   437 │   │   host=host,                                                     │","2/14/2026, 12:22:55 AM"
,"2/14/2026, 12:22:57 AM",mandelbrot,1,57b13178-9181-4bff-be59-b823aa10e1b3,0c973c50-9d01-5055-ab85-a27928939dc5,ad3b2c71-b667-4537-9e7d-a82889921718,old-stock-consulting,old-stock-consulting-project,container,default,"│   436 │   │   path=path,                                                     │","2/14/2026, 12:22:55 AM"
,"2/14/2026, 12:22:57 AM",mandelbrot,1,57b13178-9181-4bff-be59-b823aa10e1b3,0c973c50-9d01-5055-ab85-a27928939dc5,ad3b2c71-b667-4537-9e7d-a82889921718,old-stock-consulting,old-stock-consulting-project,container,default,│ ❱ 435 │   _run(                                                              │,"2/14/2026, 12:22:55 AM"
,"2/14/2026, 12:22:57 AM",mandelbrot,1,57b13178-9181-4bff-be59-b823aa10e1b3,0c973c50-9d01-5055-ab85-a27928939dc5,ad3b2c71-b667-4537-9e7d-a82889921718,old-stock-consulting,old-stock-consulting-project,container,default,"│   434 │   """"""                                                                │","2/14/2026, 12:22:55 AM"
,"2/14/2026, 12:22:57 AM",mandelbrot,1,57b13178-9181-4bff-be59-b823aa10e1b3,0c973c50-9d01-5055-ab85-a27928939dc5,ad3b2c71-b667-4537-9e7d-a82889921718,old-stock-consulting,old-stock-consulting-project,container,default,"│   433 │   Otherwise, it uses the first [bold]FastAPI[/bold] app found in the │","2/14/2026, 12:22:55 AM"
,"2/14/2026, 12:22:57 AM",mandelbrot,1,57b13178-9181-4bff-be59-b823aa10e1b3,0c973c50-9d01-5055-ab85-a27928939dc5,ad3b2c71-b667-4537-9e7d-a82889921718,old-stock-consulting,old-stock-consulting-project,container,default,│   432 │                                                                      │,"2/14/2026, 12:22:55 AM"
,"2/14/2026, 12:22:57 AM",mandelbrot,1,57b13178-9181-4bff-be59-b823aa10e1b3,0c973c50-9d01-5055-ab85-a27928939dc5,ad3b2c71-b667-4537-9e7d-a82889921718,old-stock-consulting,old-stock-consulting-project,container,default,│                                                                              │,"2/14/2026, 12:22:55 AM"
,"2/14/2026, 12:22:57 AM",mandelbrot,1,57b13178-9181-4bff-be59-b823aa10e1b3,0c973c50-9d01-5055-ab85-a27928939dc5,ad3b2c71-b667-4537-9e7d-a82889921718,old-stock-consulting,old-stock-consulting-project,container,default,│ /usr/local/lib/python3.13/site-packages/fastapi_cli/cli.py:435 in run        │,"2/14/2026, 12:22:55 AM"
,"2/14/2026, 12:22:57 AM",mandelbrot,1,57b13178-9181-4bff-be59-b823aa10e1b3,0c973c50-9d01-5055-ab85-a27928939dc5,ad3b2c71-b667-4537-9e7d-a82889921718,old-stock-consulting,old-stock-consulting-project,container,default,╭───────────────────── Traceback (most recent call last) ──────────────────────╮,"2/14/2026, 12:22:55 AM"
,"2/14/2026, 12:22:57 AM",mandelbrot,1,57b13178-9181-4bff-be59-b823aa10e1b3,0c973c50-9d01-5055-ab85-a27928939dc5,ad3b2c71-b667-4537-9e7d-a82889921718,old-stock-consulting,old-stock-consulting-project,container,default,,"2/14/2026, 12:22:55 AM"
,"2/14/2026, 12:22:57 AM",mandelbrot,1,57b13178-9181-4bff-be59-b823aa10e1b3,0c973c50-9d01-5055-ab85-a27928939dc5,ad3b2c71-b667-4537-9e7d-a82889921718,old-stock-consulting,old-stock-consulting-project,container,default,WARNING  Ensure all the package directories have an __init__.py file            ,"2/14/2026, 12:22:55 AM"
,"2/14/2026, 12:22:57 AM",mandelbrot,1,57b13178-9181-4bff-be59-b823aa10e1b3,0c973c50-9d01-5055-ab85-a27928939dc5,ad3b2c71-b667-4537-9e7d-a82889921718,old-stock-consulting,old-stock-consulting-project,container,default,ERROR    Import error: No module named 'mandelbrot'                             ,"2/14/2026, 12:22:55 AM"
,"2/14/2026, 12:22:57 AM",mandelbrot,1,57b13178-9181-4bff-be59-b823aa10e1b3,0c973c50-9d01-5055-ab85-a27928939dc5,ad3b2c71-b667-4537-9e7d-a82889921718,old-stock-consulting,old-stock-consulting-project,container,default,             __init__.py files                                                  ,"2/14/2026, 12:22:55 AM"
,"2/14/2026, 12:22:57 AM",mandelbrot,1,57b13178-9181-4bff-be59-b823aa10e1b3,0c973c50-9d01-5055-ab85-a27928939dc5,ad3b2c71-b667-4537-9e7d-a82889921718,old-stock-consulting,old-stock-consulting-project,container,default,             Searching for package file structure from directories with         ,"2/14/2026, 12:22:55 AM"
,"2/14/2026, 12:22:57 AM",mandelbrot,1,57b13178-9181-4bff-be59-b823aa10e1b3,0c973c50-9d01-5055-ab85-a27928939dc5,ad3b2c71-b667-4537-9e7d-a82889921718,old-stock-consulting,old-stock-consulting-project,container,default, ,"2/14/2026, 12:22:55 AM"
,"2/14/2026, 12:22:57 AM",mandelbrot,1,57b13178-9181-4bff-be59-b823aa10e1b3,0c973c50-9d01-5055-ab85-a27928939dc5,ad3b2c71-b667-4537-9e7d-a82889921718,old-stock-consulting,old-stock-consulting-project,container,default,   FastAPI   Starting production server 🚀,"2/14/2026, 12:22:55 AM"
,"2/14/2026, 12:22:57 AM",mandelbrot,1,57b13178-9181-4bff-be59-b823aa10e1b3,0c973c50-9d01-5055-ab85-a27928939dc5,ad3b2c71-b667-4537-9e7d-a82889921718,old-stock-consulting,old-stock-consulting-project,container,default,,"2/14/2026, 12:22:55 AM"
,"2/14/2026, 12:02:56 AM",mandelbrot,1,f1a93366-d1af-4730-9deb-b5f5e8448d03,f5607635-cabe-4e5b-bed7-8eb9c61cb403,ad3b2c71-b667-4537-9e7d-a82889921718,old-stock-consulting,old-stock-consulting-project,container,default,ModuleNotFoundError: No module named 'mandelbrot',"2/14/2026, 12:02:54 AM"
,"2/14/2026, 12:02:56 AM",mandelbrot,1,f1a93366-d1af-4730-9deb-b5f5e8448d03,f5607635-cabe-4e5b-bed7-8eb9c61cb403,ad3b2c71-b667-4537-9e7d-a82889921718,old-stock-consulting,old-stock-consulting-project,container,default,╰──────────────────────────────────────────────────────────────────────────────╯,"2/14/2026, 12:02:54 AM"
,"2/14/2026, 12:02:56 AM",mandelbrot,1,f1a93366-d1af-4730-9deb-b5f5e8448d03,f5607635-cabe-4e5b-bed7-8eb9c61cb403,ad3b2c71-b667-4537-9e7d-a82889921718,old-stock-consulting,old-stock-consulting-project,container,default,│     7 from fastapi.responses import RedirectResponse                         │,"2/14/2026, 12:02:54 AM"
,"2/14/2026, 12:02:56 AM",mandelbrot,1,f1a93366-d1af-4730-9deb-b5f5e8448d03,f5607635-cabe-4e5b-bed7-8eb9c61cb403,ad3b2c71-b667-4537-9e7d-a82889921718,old-stock-consulting,old-stock-consulting-project,container,default,"│     6 from fastapi import FastAPI, status                                    │","2/14/2026, 12:02:54 AM"
,"2/14/2026, 12:02:56 AM",mandelbrot,1,f1a93366-d1af-4730-9deb-b5f5e8448d03,f5607635-cabe-4e5b-bed7-8eb9c61cb403,ad3b2c71-b667-4537-9e7d-a82889921718,old-stock-consulting,old-stock-consulting-project,container,default,│     5 import uvicorn                                                         │,"2/14/2026, 12:02:54 AM"
,"2/14/2026, 12:02:56 AM",mandelbrot,1,f1a93366-d1af-4730-9deb-b5f5e8448d03,f5607635-cabe-4e5b-bed7-8eb9c61cb403,ad3b2c71-b667-4537-9e7d-a82889921718,old-stock-consulting,old-stock-consulting-project,container,default,│ ❱   4 import mandelbrot                                                      │,"2/14/2026, 12:02:54 AM"
,"2/14/2026, 12:02:56 AM",mandelbrot,1,f1a93366-d1af-4730-9deb-b5f5e8448d03,f5607635-cabe-4e5b-bed7-8eb9c61cb403,ad3b2c71-b667-4537-9e7d-a82889921718,old-stock-consulting,old-stock-consulting-project,container,default,│     3 import logging                                                         │,"2/14/2026, 12:02:54 AM"
,"2/14/2026, 12:02:56 AM",mandelbrot,1,f1a93366-d1af-4730-9deb-b5f5e8448d03,f5607635-cabe-4e5b-bed7-8eb9c61cb403,ad3b2c71-b667-4537-9e7d-a82889921718,old-stock-consulting,old-stock-consulting-project,container,default,│     2 import base64                                                          │,"2/14/2026, 12:02:54 AM"
,"2/14/2026, 12:02:56 AM",mandelbrot,1,f1a93366-d1af-4730-9deb-b5f5e8448d03,f5607635-cabe-4e5b-bed7-8eb9c61cb403,ad3b2c71-b667-4537-9e7d-a82889921718,old-stock-consulting,old-stock-consulting-project,container,default,│     1 import asyncio                                                         │,"2/14/2026, 12:02:54 AM"
,"2/14/2026, 12:02:56 AM",mandelbrot,1,f1a93366-d1af-4730-9deb-b5f5e8448d03,f5607635-cabe-4e5b-bed7-8eb9c61cb403,ad3b2c71-b667-4537-9e7d-a82889921718,old-stock-consulting,old-stock-consulting-project,container,default,│                                                                              │,"2/14/2026, 12:02:54 AM"
,"2/14/2026, 12:02:56 AM",mandelbrot,1,f1a93366-d1af-4730-9deb-b5f5e8448d03,f5607635-cabe-4e5b-bed7-8eb9c61cb403,ad3b2c71-b667-4537-9e7d-a82889921718,old-stock-consulting,old-stock-consulting-project,container,default,│ /app/main.py:4 in <module>                                                   │,"2/14/2026, 12:02:54 AM"
,"2/14/2026, 12:02:56 AM",mandelbrot,1,f1a93366-d1af-4730-9deb-b5f5e8448d03,f5607635-cabe-4e5b-bed7-8eb9c61cb403,ad3b2c71-b667-4537-9e7d-a82889921718,old-stock-consulting,old-stock-consulting-project,container,default,│                                                                              │,"2/14/2026, 12:02:54 AM"
,"2/14/2026, 12:02:56 AM",mandelbrot,1,f1a93366-d1af-4730-9deb-b5f5e8448d03,f5607635-cabe-4e5b-bed7-8eb9c61cb403,ad3b2c71-b667-4537-9e7d-a82889921718,old-stock-consulting,old-stock-consulting-project,container,default,│ in _call_with_frames_removed:488                                             │,"2/14/2026, 12:02:54 AM"
,"2/14/2026, 12:02:56 AM",mandelbrot,1,f1a93366-d1af-4730-9deb-b5f5e8448d03,f5607635-cabe-4e5b-bed7-8eb9c61cb403,ad3b2c71-b667-4537-9e7d-a82889921718,old-stock-consulting,old-stock-consulting-project,container,default,│ in exec_module:1026                                                          │,"2/14/2026, 12:02:54 AM"
,"2/14/2026, 12:02:56 AM",mandelbrot,1,f1a93366-d1af-4730-9deb-b5f5e8448d03,f5607635-cabe-4e5b-bed7-8eb9c61cb403,ad3b2c71-b667-4537-9e7d-a82889921718,old-stock-consulting,old-stock-consulting-project,container,default,│ in _load_unlocked:935                                                        │,"2/14/2026, 12:02:54 AM"
,"2/14/2026, 12:02:56 AM",mandelbrot,1,f1a93366-d1af-4730-9deb-b5f5e8448d03,f5607635-cabe-4e5b-bed7-8eb9c61cb403,ad3b2c71-b667-4537-9e7d-a82889921718,old-stock-consulting,old-stock-consulting-project,container,default,│ in _find_and_load_unlocked:1331                                              │,"2/14/2026, 12:02:54 AM"
,"2/14/2026, 12:02:56 AM",mandelbrot,1,f1a93366-d1af-4730-9deb-b5f5e8448d03,f5607635-cabe-4e5b-bed7-8eb9c61cb403,ad3b2c71-b667-4537-9e7d-a82889921718,old-stock-consulting,old-stock-consulting-project,container,default,│ in _find_and_load:1360                                                       │,"2/14/2026, 12:02:54 AM"
,"2/14/2026, 12:02:56 AM",mandelbrot,1,f1a93366-d1af-4730-9deb-b5f5e8448d03,f5607635-cabe-4e5b-bed7-8eb9c61cb403,ad3b2c71-b667-4537-9e7d-a82889921718,old-stock-consulting,old-stock-consulting-project,container,default,│ in _gcd_import:1387                                                          │,"2/14/2026, 12:02:54 AM"
,"2/14/2026, 12:02:56 AM",mandelbrot,1,f1a93366-d1af-4730-9deb-b5f5e8448d03,f5607635-cabe-4e5b-bed7-8eb9c61cb403,ad3b2c71-b667-4537-9e7d-a82889921718,old-stock-consulting,old-stock-consulting-project,container,default,│    91 _RELOADING = {}                                                        │,"2/14/2026, 12:02:54 AM"
,"2/14/2026, 12:02:56 AM",mandelbrot,1,f1a93366-d1af-4730-9deb-b5f5e8448d03,f5607635-cabe-4e5b-bed7-8eb9c61cb403,ad3b2c71-b667-4537-9e7d-a82889921718,old-stock-consulting,old-stock-consulting-project,container,default,│    90                                                                        │,"2/14/2026, 12:02:54 AM"
,"2/14/2026, 12:02:56 AM",mandelbrot,1,f1a93366-d1af-4730-9deb-b5f5e8448d03,f5607635-cabe-4e5b-bed7-8eb9c61cb403,ad3b2c71-b667-4537-9e7d-a82889921718,old-stock-consulting,old-stock-consulting-project,container,default,│    89                                                                        │,"2/14/2026, 12:02:54 AM"
,"2/14/2026, 12:02:56 AM",mandelbrot,1,f1a93366-d1af-4730-9deb-b5f5e8448d03,f5607635-cabe-4e5b-bed7-8eb9c61cb403,ad3b2c71-b667-4537-9e7d-a82889921718,old-stock-consulting,old-stock-consulting-project,container,default,"│ ❱  88 │   return _bootstrap._gcd_import(name[level:], package, level)        │","2/14/2026, 12:02:54 AM"
,"2/14/2026, 12:02:56 AM",mandelbrot,1,f1a93366-d1af-4730-9deb-b5f5e8448d03,f5607635-cabe-4e5b-bed7-8eb9c61cb403,ad3b2c71-b667-4537-9e7d-a82889921718,old-stock-consulting,old-stock-consulting-project,container,default,│    87 │   │   │   level += 1                                                 │,"2/14/2026, 12:02:54 AM"
,"2/14/2026, 12:02:56 AM",mandelbrot,1,f1a93366-d1af-4730-9deb-b5f5e8448d03,f5607635-cabe-4e5b-bed7-8eb9c61cb403,ad3b2c71-b667-4537-9e7d-a82889921718,old-stock-consulting,old-stock-consulting-project,container,default,│    86 │   │   │   │   break                                                  │,"2/14/2026, 12:02:54 AM"
,"2/14/2026, 12:02:56 AM",mandelbrot,1,f1a93366-d1af-4730-9deb-b5f5e8448d03,f5607635-cabe-4e5b-bed7-8eb9c61cb403,ad3b2c71-b667-4537-9e7d-a82889921718,old-stock-consulting,old-stock-consulting-project,container,default,│    85 │   │   │   if character != '.':                                       │,"2/14/2026, 12:02:54 AM"
,"2/14/2026, 12:02:56 AM",mandelbrot,1,f1a93366-d1af-4730-9deb-b5f5e8448d03,f5607635-cabe-4e5b-bed7-8eb9c61cb403,ad3b2c71-b667-4537-9e7d-a82889921718,old-stock-consulting,old-stock-consulting-project,container,default,│                                                                              │,"2/14/2026, 12:02:54 AM"
,"2/14/2026, 12:02:56 AM",mandelbrot,1,f1a93366-d1af-4730-9deb-b5f5e8448d03,f5607635-cabe-4e5b-bed7-8eb9c61cb403,ad3b2c71-b667-4537-9e7d-a82889921718,old-stock-consulting,old-stock-consulting-project,container,default,│ /usr/local/lib/python3.13/importlib/__init__.py:88 in import_module          │,"2/14/2026, 12:02:54 AM"
,"2/14/2026, 12:02:56 AM",mandelbrot,1,f1a93366-d1af-4730-9deb-b5f5e8448d03,f5607635-cabe-4e5b-bed7-8eb9c61cb403,ad3b2c71-b667-4537-9e7d-a82889921718,old-stock-consulting,old-stock-consulting-project,container,default,│                                                                              │,"2/14/2026, 12:02:54 AM"
,"2/14/2026, 12:02:56 AM",mandelbrot,1,f1a93366-d1af-4730-9deb-b5f5e8448d03,f5607635-cabe-4e5b-bed7-8eb9c61cb403,ad3b2c71-b667-4537-9e7d-a82889921718,old-stock-consulting,old-stock-consulting-project,container,default,│    73 │   │   logger.warning(                                                │,"2/14/2026, 12:02:54 AM"
,"2/14/2026, 12:02:56 AM",mandelbrot,1,f1a93366-d1af-4730-9deb-b5f5e8448d03,f5607635-cabe-4e5b-bed7-8eb9c61cb403,ad3b2c71-b667-4537-9e7d-a82889921718,old-stock-consulting,old-stock-consulting-project,container,default,"│    72 │   │   logger.error(f""Import error: {e}"")                             │","2/14/2026, 12:02:54 AM"
,"2/14/2026, 12:02:56 AM",mandelbrot,1,f1a93366-d1af-4730-9deb-b5f5e8448d03,f5607635-cabe-4e5b-bed7-8eb9c61cb403,ad3b2c71-b667-4537-9e7d-a82889921718,old-stock-consulting,old-stock-consulting-project,container,default,"│    71 │   except (ImportError, ValueError) as e:                             │","2/14/2026, 12:02:54 AM"
,"2/14/2026, 12:02:56 AM",mandelbrot,1,f1a93366-d1af-4730-9deb-b5f5e8448d03,f5607635-cabe-4e5b-bed7-8eb9c61cb403,ad3b2c71-b667-4537-9e7d-a82889921718,old-stock-consulting,old-stock-consulting-project,container,default,│ ❱  70 │   │   mod = importlib.import_module(mod_data.module_import_str)      │,"2/14/2026, 12:02:54 AM"
,"2/14/2026, 12:02:56 AM",mandelbrot,1,f1a93366-d1af-4730-9deb-b5f5e8448d03,f5607635-cabe-4e5b-bed7-8eb9c61cb403,ad3b2c71-b667-4537-9e7d-a82889921718,old-stock-consulting,old-stock-consulting-project,container,default,│    69 │   try:                                                               │,"2/14/2026, 12:02:54 AM"
,"2/14/2026, 12:02:56 AM",mandelbrot,1,f1a93366-d1af-4730-9deb-b5f5e8448d03,f5607635-cabe-4e5b-bed7-8eb9c61cb403,ad3b2c71-b667-4537-9e7d-a82889921718,old-stock-consulting,old-stock-consulting-project,container,default,"│    68 def get_app_name(*, mod_data: ModuleData, app_name: Union[str, None] = │","2/14/2026, 12:02:54 AM"
,"2/14/2026, 12:02:56 AM",mandelbrot,1,f1a93366-d1af-4730-9deb-b5f5e8448d03,f5607635-cabe-4e5b-bed7-8eb9c61cb403,ad3b2c71-b667-4537-9e7d-a82889921718,old-stock-consulting,old-stock-consulting-project,container,default,│    67                                                                        │,"2/14/2026, 12:02:54 AM"
,"2/14/2026, 12:02:56 AM",mandelbrot,1,f1a93366-d1af-4730-9deb-b5f5e8448d03,f5607635-cabe-4e5b-bed7-8eb9c61cb403,ad3b2c71-b667-4537-9e7d-a82889921718,old-stock-consulting,old-stock-consulting-project,container,default,│                                                                              │,"2/14/2026, 12:02:54 AM"
,"2/14/2026, 12:02:56 AM",mandelbrot,1,f1a93366-d1af-4730-9deb-b5f5e8448d03,f5607635-cabe-4e5b-bed7-8eb9c61cb403,ad3b2c71-b667-4537-9e7d-a82889921718,old-stock-consulting,old-stock-consulting-project,container,default,│ get_app_name                                                                 │,"2/14/2026, 12:02:54 AM"
,"2/14/2026, 12:02:56 AM",mandelbrot,1,f1a93366-d1af-4730-9deb-b5f5e8448d03,f5607635-cabe-4e5b-bed7-8eb9c61cb403,ad3b2c71-b667-4537-9e7d-a82889921718,old-stock-consulting,old-stock-consulting-project,container,default,│ /usr/local/lib/python3.13/site-packages/fastapi_cli/discover.py:70 in        │,"2/14/2026, 12:02:54 AM"
,"2/14/2026, 12:02:56 AM",mandelbrot,1,f1a93366-d1af-4730-9deb-b5f5e8448d03,f5607635-cabe-4e5b-bed7-8eb9c61cb403,ad3b2c71-b667-4537-9e7d-a82889921718,old-stock-consulting,old-stock-consulting-project,container,default,│                                                                              │,"2/14/2026, 12:02:54 AM"
,"2/14/2026, 12:02:56 AM",mandelbrot,1,f1a93366-d1af-4730-9deb-b5f5e8448d03,f5607635-cabe-4e5b-bed7-8eb9c61cb403,ad3b2c71-b667-4537-9e7d-a82889921718,old-stock-consulting,old-stock-consulting-project,container,default,│   129                                                                        │,"2/14/2026, 12:02:54 AM"
,"2/14/2026, 12:02:56 AM",mandelbrot,1,f1a93366-d1af-4730-9deb-b5f5e8448d03,f5607635-cabe-4e5b-bed7-8eb9c61cb403,ad3b2c71-b667-4537-9e7d-a82889921718,old-stock-consulting,old-stock-consulting-project,container,default,"│   128 │   import_string = f""{mod_data.module_import_str}:{use_app_name}""     │","2/14/2026, 12:02:54 AM"
,"2/14/2026, 12:02:56 AM",mandelbrot,1,f1a93366-d1af-4730-9deb-b5f5e8448d03,f5607635-cabe-4e5b-bed7-8eb9c61cb403,ad3b2c71-b667-4537-9e7d-a82889921718,old-stock-consulting,old-stock-consulting-project,container,default,│   127 │                                                                      │,"2/14/2026, 12:02:54 AM"
,"2/14/2026, 12:02:56 AM",mandelbrot,1,f1a93366-d1af-4730-9deb-b5f5e8448d03,f5607635-cabe-4e5b-bed7-8eb9c61cb403,ad3b2c71-b667-4537-9e7d-a82889921718,old-stock-consulting,old-stock-consulting-project,container,default,"│ ❱ 126 │   use_app_name = get_app_name(mod_data=mod_data, app_name=app_name)  │","2/14/2026, 12:02:54 AM"
,"2/14/2026, 12:02:56 AM",mandelbrot,1,f1a93366-d1af-4730-9deb-b5f5e8448d03,f5607635-cabe-4e5b-bed7-8eb9c61cb403,ad3b2c71-b667-4537-9e7d-a82889921718,old-stock-consulting,old-stock-consulting-project,container,default,"│   125 │   sys.path.insert(0, str(mod_data.extra_sys_path))                   │","2/14/2026, 12:02:54 AM"
,"2/14/2026, 12:02:56 AM",mandelbrot,1,f1a93366-d1af-4730-9deb-b5f5e8448d03,f5607635-cabe-4e5b-bed7-8eb9c61cb403,ad3b2c71-b667-4537-9e7d-a82889921718,old-stock-consulting,old-stock-consulting-project,container,default,│   124 │   mod_data = get_module_data_from_path(path)                         │,"2/14/2026, 12:02:54 AM"
,"2/14/2026, 12:02:56 AM",mandelbrot,1,f1a93366-d1af-4730-9deb-b5f5e8448d03,f5607635-cabe-4e5b-bed7-8eb9c61cb403,ad3b2c71-b667-4537-9e7d-a82889921718,old-stock-consulting,old-stock-consulting-project,container,default,"│   123 │   │   raise FastAPICLIException(f""Path does not exist {path}"")       │","2/14/2026, 12:02:54 AM"
,"2/14/2026, 12:02:56 AM",mandelbrot,1,f1a93366-d1af-4730-9deb-b5f5e8448d03,f5607635-cabe-4e5b-bed7-8eb9c61cb403,ad3b2c71-b667-4537-9e7d-a82889921718,old-stock-consulting,old-stock-consulting-project,container,default,│                                                                              │,"2/14/2026, 12:02:54 AM"
,"2/14/2026, 12:02:56 AM",mandelbrot,1,f1a93366-d1af-4730-9deb-b5f5e8448d03,f5607635-cabe-4e5b-bed7-8eb9c61cb403,ad3b2c71-b667-4537-9e7d-a82889921718,old-stock-consulting,old-stock-consulting-project,container,default,│ get_import_data                                                              │,"2/14/2026, 12:02:54 AM"
,"2/14/2026, 12:02:56 AM",mandelbrot,1,f1a93366-d1af-4730-9deb-b5f5e8448d03,f5607635-cabe-4e5b-bed7-8eb9c61cb403,ad3b2c71-b667-4537-9e7d-a82889921718,old-stock-consulting,old-stock-consulting-project,container,default,│ /usr/local/lib/python3.13/site-packages/fastapi_cli/discover.py:126 in       │,"2/14/2026, 12:02:54 AM"
,"2/14/2026, 12:02:56 AM",mandelbrot,1,f1a93366-d1af-4730-9deb-b5f5e8448d03,f5607635-cabe-4e5b-bed7-8eb9c61cb403,ad3b2c71-b667-4537-9e7d-a82889921718,old-stock-consulting,old-stock-consulting-project,container,default,│                                                                              │,"2/14/2026, 12:02:54 AM"
,"2/14/2026, 12:02:56 AM",mandelbrot,1,f1a93366-d1af-4730-9deb-b5f5e8448d03,f5607635-cabe-4e5b-bed7-8eb9c61cb403,ad3b2c71-b667-4537-9e7d-a82889921718,old-stock-consulting,old-stock-consulting-project,container,default,│   155 │   │   │   else:                                                      │,"2/14/2026, 12:02:54 AM"
,"2/14/2026, 12:02:56 AM",mandelbrot,1,f1a93366-d1af-4730-9deb-b5f5e8448d03,f5607635-cabe-4e5b-bed7-8eb9c61cb403,ad3b2c71-b667-4537-9e7d-a82889921718,old-stock-consulting,old-stock-consulting-project,container,default,│   154 │   │   │   │   import_data = get_import_data_from_import_string(confi │,"2/14/2026, 12:02:54 AM"
,"2/14/2026, 12:02:56 AM",mandelbrot,1,f1a93366-d1af-4730-9deb-b5f5e8448d03,f5607635-cabe-4e5b-bed7-8eb9c61cb403,ad3b2c71-b667-4537-9e7d-a82889921718,old-stock-consulting,old-stock-consulting-project,container,default,│   153 │   │   │   elif config.entrypoint:                                    │,"2/14/2026, 12:02:54 AM"
,"2/14/2026, 12:02:56 AM",mandelbrot,1,f1a93366-d1af-4730-9deb-b5f5e8448d03,f5607635-cabe-4e5b-bed7-8eb9c61cb403,ad3b2c71-b667-4537-9e7d-a82889921718,old-stock-consulting,old-stock-consulting-project,container,default,"│ ❱ 152 │   │   │   │   import_data = get_import_data(path=path, app_name=app) │","2/14/2026, 12:02:54 AM"
,"2/14/2026, 12:02:56 AM",mandelbrot,1,f1a93366-d1af-4730-9deb-b5f5e8448d03,f5607635-cabe-4e5b-bed7-8eb9c61cb403,ad3b2c71-b667-4537-9e7d-a82889921718,old-stock-consulting,old-stock-consulting-project,container,default,│   151 │   │   │   if path or app:                                            │,"2/14/2026, 12:02:54 AM"
,"2/14/2026, 12:02:56 AM",mandelbrot,1,f1a93366-d1af-4730-9deb-b5f5e8448d03,f5607635-cabe-4e5b-bed7-8eb9c61cb403,ad3b2c71-b667-4537-9e7d-a82889921718,old-stock-consulting,old-stock-consulting-project,container,default,│   150 │   │   │   # Resolve import data with priority: CLI path/app > config │,"2/14/2026, 12:02:54 AM"
,"2/14/2026, 12:02:56 AM",mandelbrot,1,f1a93366-d1af-4730-9deb-b5f5e8448d03,f5607635-cabe-4e5b-bed7-8eb9c61cb403,ad3b2c71-b667-4537-9e7d-a82889921718,old-stock-consulting,old-stock-consulting-project,container,default,│   149 │   │   try:                                                           │,"2/14/2026, 12:02:54 AM"
,"2/14/2026, 12:02:56 AM",mandelbrot,1,f1a93366-d1af-4730-9deb-b5f5e8448d03,f5607635-cabe-4e5b-bed7-8eb9c61cb403,ad3b2c71-b667-4537-9e7d-a82889921718,old-stock-consulting,old-stock-consulting-project,container,default,│                                                                              │,"2/14/2026, 12:02:54 AM"
,"2/14/2026, 12:02:56 AM",mandelbrot,1,f1a93366-d1af-4730-9deb-b5f5e8448d03,f5607635-cabe-4e5b-bed7-8eb9c61cb403,ad3b2c71-b667-4537-9e7d-a82889921718,old-stock-consulting,old-stock-consulting-project,container,default,│ /usr/local/lib/python3.13/site-packages/fastapi_cli/cli.py:152 in _run       │,"2/14/2026, 12:02:54 AM"
,"2/14/2026, 12:02:56 AM",mandelbrot,1,f1a93366-d1af-4730-9deb-b5f5e8448d03,f5607635-cabe-4e5b-bed7-8eb9c61cb403,ad3b2c71-b667-4537-9e7d-a82889921718,old-stock-consulting,old-stock-consulting-project,container,default,│                                                                              │,"2/14/2026, 12:02:54 AM"
,"2/14/2026, 12:02:56 AM",mandelbrot,1,f1a93366-d1af-4730-9deb-b5f5e8448d03,f5607635-cabe-4e5b-bed7-8eb9c61cb403,ad3b2c71-b667-4537-9e7d-a82889921718,old-stock-consulting,old-stock-consulting-project,container,default,"│   438 │   │   port=port,                                                     │","2/14/2026, 12:02:54 AM"
,"2/14/2026, 12:02:56 AM",mandelbrot,1,f1a93366-d1af-4730-9deb-b5f5e8448d03,f5607635-cabe-4e5b-bed7-8eb9c61cb403,ad3b2c71-b667-4537-9e7d-a82889921718,old-stock-consulting,old-stock-consulting-project,container,default,"│   437 │   │   host=host,                                                     │","2/14/2026, 12:02:54 AM"
,"2/14/2026, 12:02:56 AM",mandelbrot,1,f1a93366-d1af-4730-9deb-b5f5e8448d03,f5607635-cabe-4e5b-bed7-8eb9c61cb403,ad3b2c71-b667-4537-9e7d-a82889921718,old-stock-consulting,old-stock-consulting-project,container,default,"│   436 │   │   path=path,                                                     │","2/14/2026, 12:02:54 AM"
,"2/14/2026, 12:02:56 AM",mandelbrot,1,f1a93366-d1af-4730-9deb-b5f5e8448d03,f5607635-cabe-4e5b-bed7-8eb9c61cb403,ad3b2c71-b667-4537-9e7d-a82889921718,old-stock-consulting,old-stock-consulting-project,container,default,│ ❱ 435 │   _run(                                                              │,"2/14/2026, 12:02:54 AM"
,"2/14/2026, 12:02:56 AM",mandelbrot,1,f1a93366-d1af-4730-9deb-b5f5e8448d03,f5607635-cabe-4e5b-bed7-8eb9c61cb403,ad3b2c71-b667-4537-9e7d-a82889921718,old-stock-consulting,old-stock-consulting-project,container,default,"│   434 │   """"""                                                                │","2/14/2026, 12:02:54 AM"
,"2/14/2026, 12:02:56 AM",mandelbrot,1,f1a93366-d1af-4730-9deb-b5f5e8448d03,f5607635-cabe-4e5b-bed7-8eb9c61cb403,ad3b2c71-b667-4537-9e7d-a82889921718,old-stock-consulting,old-stock-consulting-project,container,default,"│   433 │   Otherwise, it uses the first [bold]FastAPI[/bold] app found in the │","2/14/2026, 12:02:54 AM"
,"2/14/2026, 12:02:56 AM",mandelbrot,1,f1a93366-d1af-4730-9deb-b5f5e8448d03,f5607635-cabe-4e5b-bed7-8eb9c61cb403,ad3b2c71-b667-4537-9e7d-a82889921718,old-stock-consulting,old-stock-consulting-project,container,default,│   432 │                                                                      │,"2/14/2026, 12:02:54 AM"
,"2/14/2026, 12:02:56 AM",mandelbrot,1,f1a93366-d1af-4730-9deb-b5f5e8448d03,f5607635-cabe-4e5b-bed7-8eb9c61cb403,ad3b2c71-b667-4537-9e7d-a82889921718,old-stock-consulting,old-stock-consulting-project,container,default,│                                                                              │,"2/14/2026, 12:02:54 AM"
,"2/14/2026, 12:02:56 AM",mandelbrot,1,f1a93366-d1af-4730-9deb-b5f5e8448d03,f5607635-cabe-4e5b-bed7-8eb9c61cb403,ad3b2c71-b667-4537-9e7d-a82889921718,old-stock-consulting,old-stock-consulting-project,container,default,│ /usr/local/lib/python3.13/site-packages/fastapi_cli/cli.py:435 in run        │,"2/14/2026, 12:02:54 AM"
,"2/14/2026, 12:02:56 AM",mandelbrot,1,f1a93366-d1af-4730-9deb-b5f5e8448d03,f5607635-cabe-4e5b-bed7-8eb9c61cb403,ad3b2c71-b667-4537-9e7d-a82889921718,old-stock-consulting,old-stock-consulting-project,container,default,╭───────────────────── Traceback (most recent call last) ──────────────────────╮,"2/14/2026, 12:02:54 AM"
,"2/14/2026, 12:02:56 AM",mandelbrot,1,f1a93366-d1af-4730-9deb-b5f5e8448d03,f5607635-cabe-4e5b-bed7-8eb9c61cb403,ad3b2c71-b667-4537-9e7d-a82889921718,old-stock-consulting,old-stock-consulting-project,container,default,,"2/14/2026, 12:02:54 AM"
,"2/14/2026, 12:02:56 AM",mandelbrot,1,f1a93366-d1af-4730-9deb-b5f5e8448d03,f5607635-cabe-4e5b-bed7-8eb9c61cb403,ad3b2c71-b667-4537-9e7d-a82889921718,old-stock-consulting,old-stock-consulting-project,container,default,WARNING  Ensure all the package directories have an __init__.py file            ,"2/14/2026, 12:02:54 AM"
,"2/14/2026, 12:02:56 AM",mandelbrot,1,f1a93366-d1af-4730-9deb-b5f5e8448d03,f5607635-cabe-4e5b-bed7-8eb9c61cb403,ad3b2c71-b667-4537-9e7d-a82889921718,old-stock-consulting,old-stock-consulting-project,container,default,ERROR    Import error: No module named 'mandelbrot'                             ,"2/14/2026, 12:02:54 AM"
,"2/14/2026, 12:02:56 AM",mandelbrot,1,f1a93366-d1af-4730-9deb-b5f5e8448d03,f5607635-cabe-4e5b-bed7-8eb9c61cb403,ad3b2c71-b667-4537-9e7d-a82889921718,old-stock-consulting,old-stock-consulting-project,container,default,             __init__.py files                                                  ,"2/14/2026, 12:02:54 AM"
,"2/14/2026, 12:02:56 AM",mandelbrot,1,f1a93366-d1af-4730-9deb-b5f5e8448d03,f5607635-cabe-4e5b-bed7-8eb9c61cb403,ad3b2c71-b667-4537-9e7d-a82889921718,old-stock-consulting,old-stock-consulting-project,container,default,             Searching for package file structure from directories with         ,"2/14/2026, 12:02:54 AM"
,"2/14/2026, 12:02:56 AM",mandelbrot,1,f1a93366-d1af-4730-9deb-b5f5e8448d03,f5607635-cabe-4e5b-bed7-8eb9c61cb403,ad3b2c71-b667-4537-9e7d-a82889921718,old-stock-consulting,old-stock-consulting-project,container,default, ,"2/14/2026, 12:02:54 AM"
,"2/14/2026, 12:02:56 AM",mandelbrot,1,f1a93366-d1af-4730-9deb-b5f5e8448d03,f5607635-cabe-4e5b-bed7-8eb9c61cb403,ad3b2c71-b667-4537-9e7d-a82889921718,old-stock-consulting,old-stock-consulting-project,container,default,   FastAPI   Starting production server 🚀,"2/14/2026, 12:02:54 AM"
,"2/14/2026, 12:02:47 AM",mandelbrot,1,f1a93366-d1af-4730-9deb-b5f5e8448d03,f5607635-cabe-4e5b-bed7-8eb9c61cb403,ad3b2c71-b667-4537-9e7d-a82889921718,old-stock-consulting,old-stock-consulting-project,container,default,ModuleNotFoundError: No module named 'mandelbrot',"2/14/2026, 12:02:46 AM"
,"2/14/2026, 12:02:47 AM",mandelbrot,1,f1a93366-d1af-4730-9deb-b5f5e8448d03,f5607635-cabe-4e5b-bed7-8eb9c61cb403,ad3b2c71-b667-4537-9e7d-a82889921718,old-stock-consulting,old-stock-consulting-project,container,default,╰──────────────────────────────────────────────────────────────────────────────╯,"2/14/2026, 12:02:46 AM"
,"2/14/2026, 12:02:47 AM",mandelbrot,1,f1a93366-d1af-4730-9deb-b5f5e8448d03,f5607635-cabe-4e5b-bed7-8eb9c61cb403,ad3b2c71-b667-4537-9e7d-a82889921718,old-stock-consulting,old-stock-consulting-project,container,default,│     7 from fastapi.responses import RedirectResponse                         │,"2/14/2026, 12:02:46 AM"
,"2/14/2026, 12:02:47 AM",mandelbrot,1,f1a93366-d1af-4730-9deb-b5f5e8448d03,f5607635-cabe-4e5b-bed7-8eb9c61cb403,ad3b2c71-b667-4537-9e7d-a82889921718,old-stock-consulting,old-stock-consulting-project,container,default,"│     6 from fastapi import FastAPI, status                                    │","2/14/2026, 12:02:46 AM"
,"2/14/2026, 12:02:47 AM",mandelbrot,1,f1a93366-d1af-4730-9deb-b5f5e8448d03,f5607635-cabe-4e5b-bed7-8eb9c61cb403,ad3b2c71-b667-4537-9e7d-a82889921718,old-stock-consulting,old-stock-consulting-project,container,default,│     5 import uvicorn                                                         │,"2/14/2026, 12:02:46 AM"
,"2/14/2026, 12:02:47 AM",mandelbrot,1,f1a93366-d1af-4730-9deb-b5f5e8448d03,f5607635-cabe-4e5b-bed7-8eb9c61cb403,ad3b2c71-b667-4537-9e7d-a82889921718,old-stock-consulting,old-stock-consulting-project,container,default,│ ❱   4 import mandelbrot                                                      │,"2/14/2026, 12:02:46 AM"
,"2/14/2026, 12:02:47 AM",mandelbrot,1,f1a93366-d1af-4730-9deb-b5f5e8448d03,f5607635-cabe-4e5b-bed7-8eb9c61cb403,ad3b2c71-b667-4537-9e7d-a82889921718,old-stock-consulting,old-stock-consulting-project,container,default,│     3 import logging                                                         │,"2/14/2026, 12:02:46 AM"
,"2/14/2026, 12:02:47 AM",mandelbrot,1,f1a93366-d1af-4730-9deb-b5f5e8448d03,f5607635-cabe-4e5b-bed7-8eb9c61cb403,ad3b2c71-b667-4537-9e7d-a82889921718,old-stock-consulting,old-stock-consulting-project,container,default,│     2 import base64                                                          │,"2/14/2026, 12:02:46 AM"
,"2/14/2026, 12:02:47 AM",mandelbrot,1,f1a93366-d1af-4730-9deb-b5f5e8448d03,f5607635-cabe-4e5b-bed7-8eb9c61cb403,ad3b2c71-b667-4537-9e7d-a82889921718,old-stock-consulting,old-stock-consulting-project,container,default,│     1 import asyncio                                                         │,"2/14/2026, 12:02:46 AM"
,"2/14/2026, 12:02:47 AM",mandelbrot,1,f1a93366-d1af-4730-9deb-b5f5e8448d03,f5607635-cabe-4e5b-bed7-8eb9c61cb403,ad3b2c71-b667-4537-9e7d-a82889921718,old-stock-consulting,old-stock-consulting-project,container,default,│                                                                              │,"2/14/2026, 12:02:46 AM"
,"2/14/2026, 12:02:47 AM",mandelbrot,1,f1a93366-d1af-4730-9deb-b5f5e8448d03,f5607635-cabe-4e5b-bed7-8eb9c61cb403,ad3b2c71-b667-4537-9e7d-a82889921718,old-stock-consulting,old-stock-consulting-project,container,default,│ /app/main.py:4 in <module>                                                   │,"2/14/2026, 12:02:46 AM"
,"2/14/2026, 12:02:47 AM",mandelbrot,1,f1a93366-d1af-4730-9deb-b5f5e8448d03,f5607635-cabe-4e5b-bed7-8eb9c61cb403,ad3b2c71-b667-4537-9e7d-a82889921718,old-stock-consulting,old-stock-consulting-project,container,default,│                                                                              │,"2/14/2026, 12:02:46 AM"
,"2/14/2026, 12:02:47 AM",mandelbrot,1,f1a93366-d1af-4730-9deb-b5f5e8448d03,f5607635-cabe-4e5b-bed7-8eb9c61cb403,ad3b2c71-b667-4537-9e7d-a82889921718,old-stock-consulting,old-stock-consulting-project,container,default,│ in _call_with_frames_removed:488                                             │,"2/14/2026, 12:02:46 AM"
,"2/14/2026, 12:02:47 AM",mandelbrot,1,f1a93366-d1af-4730-9deb-b5f5e8448d03,f5607635-cabe-4e5b-bed7-8eb9c61cb403,ad3b2c71-b667-4537-9e7d-a82889921718,old-stock-consulting,old-stock-consulting-project,container,default,│ in exec_module:1026                                                          │,"2/14/2026, 12:02:46 AM"
,"2/14/2026, 12:02:47 AM",mandelbrot,1,f1a93366-d1af-4730-9deb-b5f5e8448d03,f5607635-cabe-4e5b-bed7-8eb9c61cb403,ad3b2c71-b667-4537-9e7d-a82889921718,old-stock-consulting,old-stock-consulting-project,container,default,│ in _load_unlocked:935                                                        │,"2/14/2026, 12:02:46 AM"
,"2/14/2026, 12:02:47 AM",mandelbrot,1,f1a93366-d1af-4730-9deb-b5f5e8448d03,f5607635-cabe-4e5b-bed7-8eb9c61cb403,ad3b2c71-b667-4537-9e7d-a82889921718,old-stock-consulting,old-stock-consulting-project,container,default,│ in _find_and_load_unlocked:1331                                              │,"2/14/2026, 12:02:46 AM"
,"2/14/2026, 12:02:47 AM",mandelbrot,1,f1a93366-d1af-4730-9deb-b5f5e8448d03,f5607635-cabe-4e5b-bed7-8eb9c61cb403,ad3b2c71-b667-4537-9e7d-a82889921718,old-stock-consulting,old-stock-consulting-project,container,default,│ in _find_and_load:1360                                                       │,"2/14/2026, 12:02:46 AM"
,"2/14/2026, 12:02:47 AM",mandelbrot,1,f1a93366-d1af-4730-9deb-b5f5e8448d03,f5607635-cabe-4e5b-bed7-8eb9c61cb403,ad3b2c71-b667-4537-9e7d-a82889921718,old-stock-consulting,old-stock-consulting-project,container,default,│ in _gcd_import:1387                                                          │,"2/14/2026, 12:02:46 AM"
,"2/14/2026, 12:02:47 AM",mandelbrot,1,f1a93366-d1af-4730-9deb-b5f5e8448d03,f5607635-cabe-4e5b-bed7-8eb9c61cb403,ad3b2c71-b667-4537-9e7d-a82889921718,old-stock-consulting,old-stock-consulting-project,container,default,│    91 _RELOADING = {}                                                        │,"2/14/2026, 12:02:46 AM"
,"2/14/2026, 12:02:47 AM",mandelbrot,1,f1a93366-d1af-4730-9deb-b5f5e8448d03,f5607635-cabe-4e5b-bed7-8eb9c61cb403,ad3b2c71-b667-4537-9e7d-a82889921718,old-stock-consulting,old-stock-consulting-project,container,default,│    90                                                                        │,"2/14/2026, 12:02:46 AM"
,"2/14/2026, 12:02:47 AM",mandelbrot,1,f1a93366-d1af-4730-9deb-b5f5e8448d03,f5607635-cabe-4e5b-bed7-8eb9c61cb403,ad3b2c71-b667-4537-9e7d-a82889921718,old-stock-consulting,old-stock-consulting-project,container,default,│    89                                                                        │,"2/14/2026, 12:02:46 AM"
,"2/14/2026, 12:02:47 AM",mandelbrot,1,f1a93366-d1af-4730-9deb-b5f5e8448d03,f5607635-cabe-4e5b-bed7-8eb9c61cb403,ad3b2c71-b667-4537-9e7d-a82889921718,old-stock-consulting,old-stock-consulting-project,container,default,"│ ❱  88 │   return _bootstrap._gcd_import(name[level:], package, level)        │","2/14/2026, 12:02:46 AM"
,"2/14/2026, 12:02:47 AM",mandelbrot,1,f1a93366-d1af-4730-9deb-b5f5e8448d03,f5607635-cabe-4e5b-bed7-8eb9c61cb403,ad3b2c71-b667-4537-9e7d-a82889921718,old-stock-consulting,old-stock-consulting-project,container,default,│    87 │   │   │   level += 1                                                 │,"2/14/2026, 12:02:46 AM"
,"2/14/2026, 12:02:47 AM",mandelbrot,1,f1a93366-d1af-4730-9deb-b5f5e8448d03,f5607635-cabe-4e5b-bed7-8eb9c61cb403,ad3b2c71-b667-4537-9e7d-a82889921718,old-stock-consulting,old-stock-consulting-project,container,default,│    86 │   │   │   │   break                                                  │,"2/14/2026, 12:02:46 AM"
,"2/14/2026, 12:02:47 AM",mandelbrot,1,f1a93366-d1af-4730-9deb-b5f5e8448d03,f5607635-cabe-4e5b-bed7-8eb9c61cb403,ad3b2c71-b667-4537-9e7d-a82889921718,old-stock-consulting,old-stock-consulting-project,container,default,│    85 │   │   │   if character != '.':                                       │,"2/14/2026, 12:02:46 AM"
,"2/14/2026, 12:02:47 AM",mandelbrot,1,f1a93366-d1af-4730-9deb-b5f5e8448d03,f5607635-cabe-4e5b-bed7-8eb9c61cb403,ad3b2c71-b667-4537-9e7d-a82889921718,old-stock-consulting,old-stock-consulting-project,container,default,│                                                                              │,"2/14/2026, 12:02:46 AM"
,"2/14/2026, 12:02:47 AM",mandelbrot,1,f1a93366-d1af-4730-9deb-b5f5e8448d03,f5607635-cabe-4e5b-bed7-8eb9c61cb403,ad3b2c71-b667-4537-9e7d-a82889921718,old-stock-consulting,old-stock-consulting-project,container,default,│ /usr/local/lib/python3.13/importlib/__init__.py:88 in import_module          │,"2/14/2026, 12:02:46 AM"
,"2/14/2026, 12:02:47 AM",mandelbrot,1,f1a93366-d1af-4730-9deb-b5f5e8448d03,f5607635-cabe-4e5b-bed7-8eb9c61cb403,ad3b2c71-b667-4537-9e7d-a82889921718,old-stock-consulting,old-stock-consulting-project,container,default,│                                                                              │,"2/14/2026, 12:02:46 AM"
,"2/14/2026, 12:02:47 AM",mandelbrot,1,f1a93366-d1af-4730-9deb-b5f5e8448d03,f5607635-cabe-4e5b-bed7-8eb9c61cb403,ad3b2c71-b667-4537-9e7d-a82889921718,old-stock-consulting,old-stock-consulting-project,container,default,│    73 │   │   logger.warning(                                                │,"2/14/2026, 12:02:46 AM"
,"2/14/2026, 12:02:47 AM",mandelbrot,1,f1a93366-d1af-4730-9deb-b5f5e8448d03,f5607635-cabe-4e5b-bed7-8eb9c61cb403,ad3b2c71-b667-4537-9e7d-a82889921718,old-stock-consulting,old-stock-consulting-project,container,default,"│    72 │   │   logger.error(f""Import error: {e}"")                             │","2/14/2026, 12:02:46 AM"
,"2/14/2026, 12:02:47 AM",mandelbrot,1,f1a93366-d1af-4730-9deb-b5f5e8448d03,f5607635-cabe-4e5b-bed7-8eb9c61cb403,ad3b2c71-b667-4537-9e7d-a82889921718,old-stock-consulting,old-stock-consulting-project,container,default,"│    71 │   except (ImportError, ValueError) as e:                             │","2/14/2026, 12:02:46 AM"
,"2/14/2026, 12:02:47 AM",mandelbrot,1,f1a93366-d1af-4730-9deb-b5f5e8448d03,f5607635-cabe-4e5b-bed7-8eb9c61cb403,ad3b2c71-b667-4537-9e7d-a82889921718,old-stock-consulting,old-stock-consulting-project,container,default,│ ❱  70 │   │   mod = importlib.import_module(mod_data.module_import_str)      │,"2/14/2026, 12:02:46 AM"
,"2/14/2026, 12:02:47 AM",mandelbrot,1,f1a93366-d1af-4730-9deb-b5f5e8448d03,f5607635-cabe-4e5b-bed7-8eb9c61cb403,ad3b2c71-b667-4537-9e7d-a82889921718,old-stock-consulting,old-stock-consulting-project,container,default,│    69 │   try:                                                               │,"2/14/2026, 12:02:46 AM"
,"2/14/2026, 12:02:47 AM",mandelbrot,1,f1a93366-d1af-4730-9deb-b5f5e8448d03,f5607635-cabe-4e5b-bed7-8eb9c61cb403,ad3b2c71-b667-4537-9e7d-a82889921718,old-stock-consulting,old-stock-consulting-project,container,default,"│    68 def get_app_name(*, mod_data: ModuleData, app_name: Union[str, None] = │","2/14/2026, 12:02:46 AM"
,"2/14/2026, 12:02:47 AM",mandelbrot,1,f1a93366-d1af-4730-9deb-b5f5e8448d03,f5607635-cabe-4e5b-bed7-8eb9c61cb403,ad3b2c71-b667-4537-9e7d-a82889921718,old-stock-consulting,old-stock-consulting-project,container,default,│    67                                                                        │,"2/14/2026, 12:02:46 AM"
,"2/14/2026, 12:02:47 AM",mandelbrot,1,f1a93366-d1af-4730-9deb-b5f5e8448d03,f5607635-cabe-4e5b-bed7-8eb9c61cb403,ad3b2c71-b667-4537-9e7d-a82889921718,old-stock-consulting,old-stock-consulting-project,container,default,│                                                                              │,"2/14/2026, 12:02:46 AM"
,"2/14/2026, 12:02:47 AM",mandelbrot,1,f1a93366-d1af-4730-9deb-b5f5e8448d03,f5607635-cabe-4e5b-bed7-8eb9c61cb403,ad3b2c71-b667-4537-9e7d-a82889921718,old-stock-consulting,old-stock-consulting-project,container,default,│ get_app_name                                                                 │,"2/14/2026, 12:02:46 AM"
,"2/14/2026, 12:02:47 AM",mandelbrot,1,f1a93366-d1af-4730-9deb-b5f5e8448d03,f5607635-cabe-4e5b-bed7-8eb9c61cb403,ad3b2c71-b667-4537-9e7d-a82889921718,old-stock-consulting,old-stock-consulting-project,container,default,│ /usr/local/lib/python3.13/site-packages/fastapi_cli/discover.py:70 in        │,"2/14/2026, 12:02:46 AM"
,"2/14/2026, 12:02:47 AM",mandelbrot,1,f1a93366-d1af-4730-9deb-b5f5e8448d03,f5607635-cabe-4e5b-bed7-8eb9c61cb403,ad3b2c71-b667-4537-9e7d-a82889921718,old-stock-consulting,old-stock-consulting-project,container,default,│                                                                              │,"2/14/2026, 12:02:46 AM"
,"2/14/2026, 12:02:47 AM",mandelbrot,1,f1a93366-d1af-4730-9deb-b5f5e8448d03,f5607635-cabe-4e5b-bed7-8eb9c61cb403,ad3b2c71-b667-4537-9e7d-a82889921718,old-stock-consulting,old-stock-consulting-project,container,default,│   129                                                                        │,"2/14/2026, 12:02:46 AM"
,"2/14/2026, 12:02:47 AM",mandelbrot,1,f1a93366-d1af-4730-9deb-b5f5e8448d03,f5607635-cabe-4e5b-bed7-8eb9c61cb403,ad3b2c71-b667-4537-9e7d-a82889921718,old-stock-consulting,old-stock-consulting-project,container,default,"│   128 │   import_string = f""{mod_data.module_import_str}:{use_app_name}""     │","2/14/2026, 12:02:46 AM"
,"2/14/2026, 12:02:47 AM",mandelbrot,1,f1a93366-d1af-4730-9deb-b5f5e8448d03,f5607635-cabe-4e5b-bed7-8eb9c61cb403,ad3b2c71-b667-4537-9e7d-a82889921718,old-stock-consulting,old-stock-consulting-project,container,default,│   127 │                                                                      │,"2/14/2026, 12:02:46 AM"
,"2/14/2026, 12:02:47 AM",mandelbrot,1,f1a93366-d1af-4730-9deb-b5f5e8448d03,f5607635-cabe-4e5b-bed7-8eb9c61cb403,ad3b2c71-b667-4537-9e7d-a82889921718,old-stock-consulting,old-stock-consulting-project,container,default,"│ ❱ 126 │   use_app_name = get_app_name(mod_data=mod_data, app_name=app_name)  │","2/14/2026, 12:02:46 AM"
,"2/14/2026, 12:02:47 AM",mandelbrot,1,f1a93366-d1af-4730-9deb-b5f5e8448d03,f5607635-cabe-4e5b-bed7-8eb9c61cb403,ad3b2c71-b667-4537-9e7d-a82889921718,old-stock-consulting,old-stock-consulting-project,container,default,"│   125 │   sys.path.insert(0, str(mod_data.extra_sys_path))                   │","2/14/2026, 12:02:46 AM"
,"2/14/2026, 12:02:47 AM",mandelbrot,1,f1a93366-d1af-4730-9deb-b5f5e8448d03,f5607635-cabe-4e5b-bed7-8eb9c61cb403,ad3b2c71-b667-4537-9e7d-a82889921718,old-stock-consulting,old-stock-consulting-project,container,default,│   124 │   mod_data = get_module_data_from_path(path)                         │,"2/14/2026, 12:02:46 AM"
,"2/14/2026, 12:02:47 AM",mandelbrot,1,f1a93366-d1af-4730-9deb-b5f5e8448d03,f5607635-cabe-4e5b-bed7-8eb9c61cb403,ad3b2c71-b667-4537-9e7d-a82889921718,old-stock-consulting,old-stock-consulting-project,container,default,"│   123 │   │   raise FastAPICLIException(f""Path does not exist {path}"")       │","2/14/2026, 12:02:46 AM"
,"2/14/2026, 12:02:47 AM",mandelbrot,1,f1a93366-d1af-4730-9deb-b5f5e8448d03,f5607635-cabe-4e5b-bed7-8eb9c61cb403,ad3b2c71-b667-4537-9e7d-a82889921718,old-stock-consulting,old-stock-consulting-project,container,default,│                                                                              │,"2/14/2026, 12:02:46 AM"
,"2/14/2026, 12:02:47 AM",mandelbrot,1,f1a93366-d1af-4730-9deb-b5f5e8448d03,f5607635-cabe-4e5b-bed7-8eb9c61cb403,ad3b2c71-b667-4537-9e7d-a82889921718,old-stock-consulting,old-stock-consulting-project,container,default,│ get_import_data                                                              │,"2/14/2026, 12:02:46 AM"
,"2/14/2026, 12:02:47 AM",mandelbrot,1,f1a93366-d1af-4730-9deb-b5f5e8448d03,f5607635-cabe-4e5b-bed7-8eb9c61cb403,ad3b2c71-b667-4537-9e7d-a82889921718,old-stock-consulting,old-stock-consulting-project,container,default,│ /usr/local/lib/python3.13/site-packages/fastapi_cli/discover.py:126 in       │,"2/14/2026, 12:02:46 AM"
,"2/14/2026, 12:02:47 AM",mandelbrot,1,f1a93366-d1af-4730-9deb-b5f5e8448d03,f5607635-cabe-4e5b-bed7-8eb9c61cb403,ad3b2c71-b667-4537-9e7d-a82889921718,old-stock-consulting,old-stock-consulting-project,container,default,│                                                                              │,"2/14/2026, 12:02:46 AM"
,"2/14/2026, 12:02:47 AM",mandelbrot,1,f1a93366-d1af-4730-9deb-b5f5e8448d03,f5607635-cabe-4e5b-bed7-8eb9c61cb403,ad3b2c71-b667-4537-9e7d-a82889921718,old-stock-consulting,old-stock-consulting-project,container,default,│   155 │   │   │   else:                                                      │,"2/14/2026, 12:02:46 AM"
,"2/14/2026, 12:02:47 AM",mandelbrot,1,f1a93366-d1af-4730-9deb-b5f5e8448d03,f5607635-cabe-4e5b-bed7-8eb9c61cb403,ad3b2c71-b667-4537-9e7d-a82889921718,old-stock-consulting,old-stock-consulting-project,container,default,│   154 │   │   │   │   import_data = get_import_data_from_import_string(confi │,"2/14/2026, 12:02:46 AM"
,"2/14/2026, 12:02:47 AM",mandelbrot,1,f1a93366-d1af-4730-9deb-b5f5e8448d03,f5607635-cabe-4e5b-bed7-8eb9c61cb403,ad3b2c71-b667-4537-9e7d-a82889921718,old-stock-consulting,old-stock-consulting-project,container,default,│   153 │   │   │   elif config.entrypoint:                                    │,"2/14/2026, 12:02:46 AM"
,"2/14/2026, 12:02:47 AM",mandelbrot,1,f1a93366-d1af-4730-9deb-b5f5e8448d03,f5607635-cabe-4e5b-bed7-8eb9c61cb403,ad3b2c71-b667-4537-9e7d-a82889921718,old-stock-consulting,old-stock-consulting-project,container,default,"│ ❱ 152 │   │   │   │   import_data = get_import_data(path=path, app_name=app) │","2/14/2026, 12:02:46 AM"
,"2/14/2026, 12:02:47 AM",mandelbrot,1,f1a93366-d1af-4730-9deb-b5f5e8448d03,f5607635-cabe-4e5b-bed7-8eb9c61cb403,ad3b2c71-b667-4537-9e7d-a82889921718,old-stock-consulting,old-stock-consulting-project,container,default,│   151 │   │   │   if path or app:                                            │,"2/14/2026, 12:02:46 AM"
,"2/14/2026, 12:02:47 AM",mandelbrot,1,f1a93366-d1af-4730-9deb-b5f5e8448d03,f5607635-cabe-4e5b-bed7-8eb9c61cb403,ad3b2c71-b667-4537-9e7d-a82889921718,old-stock-consulting,old-stock-consulting-project,container,default,│   150 │   │   │   # Resolve import data with priority: CLI path/app > config │,"2/14/2026, 12:02:46 AM"
,"2/14/2026, 12:02:47 AM",mandelbrot,1,f1a93366-d1af-4730-9deb-b5f5e8448d03,f5607635-cabe-4e5b-bed7-8eb9c61cb403,ad3b2c71-b667-4537-9e7d-a82889921718,old-stock-consulting,old-stock-consulting-project,container,default,│   149 │   │   try:                                                           │,"2/14/2026, 12:02:46 AM"
,"2/14/2026, 12:02:47 AM",mandelbrot,1,f1a93366-d1af-4730-9deb-b5f5e8448d03,f5607635-cabe-4e5b-bed7-8eb9c61cb403,ad3b2c71-b667-4537-9e7d-a82889921718,old-stock-consulting,old-stock-consulting-project,container,default,│                                                                              │,"2/14/2026, 12:02:46 AM"
,"2/14/2026, 12:02:47 AM",mandelbrot,1,f1a93366-d1af-4730-9deb-b5f5e8448d03,f5607635-cabe-4e5b-bed7-8eb9c61cb403,ad3b2c71-b667-4537-9e7d-a82889921718,old-stock-consulting,old-stock-consulting-project,container,default,│ /usr/local/lib/python3.13/site-packages/fastapi_cli/cli.py:152 in _run       │,"2/14/2026, 12:02:46 AM"
,"2/14/2026, 12:02:47 AM",mandelbrot,1,f1a93366-d1af-4730-9deb-b5f5e8448d03,f5607635-cabe-4e5b-bed7-8eb9c61cb403,ad3b2c71-b667-4537-9e7d-a82889921718,old-stock-consulting,old-stock-consulting-project,container,default,│                                                                              │,"2/14/2026, 12:02:46 AM"
,"2/14/2026, 12:02:47 AM",mandelbrot,1,f1a93366-d1af-4730-9deb-b5f5e8448d03,f5607635-cabe-4e5b-bed7-8eb9c61cb403,ad3b2c71-b667-4537-9e7d-a82889921718,old-stock-consulting,old-stock-consulting-project,container,default,"│   438 │   │   port=port,                                                     │","2/14/2026, 12:02:46 AM"
,"2/14/2026, 12:02:47 AM",mandelbrot,1,f1a93366-d1af-4730-9deb-b5f5e8448d03,f5607635-cabe-4e5b-bed7-8eb9c61cb403,ad3b2c71-b667-4537-9e7d-a82889921718,old-stock-consulting,old-stock-consulting-project,container,default,"│   437 │   │   host=host,                                                     │","2/14/2026, 12:02:46 AM"
,"2/14/2026, 12:02:47 AM",mandelbrot,1,f1a93366-d1af-4730-9deb-b5f5e8448d03,f5607635-cabe-4e5b-bed7-8eb9c61cb403,ad3b2c71-b667-4537-9e7d-a82889921718,old-stock-consulting,old-stock-consulting-project,container,default,"│   436 │   │   path=path,                                                     │","2/14/2026, 12:02:46 AM"
,"2/14/2026, 12:02:47 AM",mandelbrot,1,f1a93366-d1af-4730-9deb-b5f5e8448d03,f5607635-cabe-4e5b-bed7-8eb9c61cb403,ad3b2c71-b667-4537-9e7d-a82889921718,old-stock-consulting,old-stock-consulting-project,container,default,│ ❱ 435 │   _run(                                                              │,"2/14/2026, 12:02:46 AM"
,"2/14/2026, 12:02:47 AM",mandelbrot,1,f1a93366-d1af-4730-9deb-b5f5e8448d03,f5607635-cabe-4e5b-bed7-8eb9c61cb403,ad3b2c71-b667-4537-9e7d-a82889921718,old-stock-consulting,old-stock-consulting-project,container,default,"│   434 │   """"""                                                                │","2/14/2026, 12:02:46 AM"
,"2/14/2026, 12:02:47 AM",mandelbrot,1,f1a93366-d1af-4730-9deb-b5f5e8448d03,f5607635-cabe-4e5b-bed7-8eb9c61cb403,ad3b2c71-b667-4537-9e7d-a82889921718,old-stock-consulting,old-stock-consulting-project,container,default,"│   433 │   Otherwise, it uses the first [bold]FastAPI[/bold] app found in the │","2/14/2026, 12:02:46 AM"
,"2/14/2026, 12:02:47 AM",mandelbrot,1,f1a93366-d1af-4730-9deb-b5f5e8448d03,f5607635-cabe-4e5b-bed7-8eb9c61cb403,ad3b2c71-b667-4537-9e7d-a82889921718,old-stock-consulting,old-stock-consulting-project,container,default,│   432 │                                                                      │,"2/14/2026, 12:02:46 AM"
,"2/14/2026, 12:02:47 AM",mandelbrot,1,f1a93366-d1af-4730-9deb-b5f5e8448d03,f5607635-cabe-4e5b-bed7-8eb9c61cb403,ad3b2c71-b667-4537-9e7d-a82889921718,old-stock-consulting,old-stock-consulting-project,container,default,│                                                                              │,"2/14/2026, 12:02:46 AM"
,"2/14/2026, 12:02:47 AM",mandelbrot,1,f1a93366-d1af-4730-9deb-b5f5e8448d03,f5607635-cabe-4e5b-bed7-8eb9c61cb403,ad3b2c71-b667-4537-9e7d-a82889921718,old-stock-consulting,old-stock-consulting-project,container,default,│ /usr/local/lib/python3.13/site-packages/fastapi_cli/cli.py:435 in run        │,"2/14/2026, 12:02:46 AM"
,"2/14/2026, 12:02:47 AM",mandelbrot,1,f1a93366-d1af-4730-9deb-b5f5e8448d03,f5607635-cabe-4e5b-bed7-8eb9c61cb403,ad3b2c71-b667-4537-9e7d-a82889921718,old-stock-consulting,old-stock-consulting-project,container,default,╭───────────────────── Traceback (most recent call last) ──────────────────────╮,"2/14/2026, 12:02:46 AM"
,"2/14/2026, 12:02:47 AM",mandelbrot,1,f1a93366-d1af-4730-9deb-b5f5e8448d03,f5607635-cabe-4e5b-bed7-8eb9c61cb403,ad3b2c71-b667-4537-9e7d-a82889921718,old-stock-consulting,old-stock-consulting-project,container,default,,"2/14/2026, 12:02:45 AM"
,"2/14/2026, 12:02:47 AM",mandelbrot,1,f1a93366-d1af-4730-9deb-b5f5e8448d03,f5607635-cabe-4e5b-bed7-8eb9c61cb403,ad3b2c71-b667-4537-9e7d-a82889921718,old-stock-consulting,old-stock-consulting-project,container,default,WARNING  Ensure all the package directories have an __init__.py file            ,"2/14/2026, 12:02:45 AM"
,"2/14/2026, 12:02:47 AM",mandelbrot,1,f1a93366-d1af-4730-9deb-b5f5e8448d03,f5607635-cabe-4e5b-bed7-8eb9c61cb403,ad3b2c71-b667-4537-9e7d-a82889921718,old-stock-consulting,old-stock-consulting-project,container,default,ERROR    Import error: No module named 'mandelbrot'                             ,"2/14/2026, 12:02:45 AM"
,"2/14/2026, 12:02:47 AM",mandelbrot,1,f1a93366-d1af-4730-9deb-b5f5e8448d03,f5607635-cabe-4e5b-bed7-8eb9c61cb403,ad3b2c71-b667-4537-9e7d-a82889921718,old-stock-consulting,old-stock-consulting-project,container,default,             __init__.py files                                                  ,"2/14/2026, 12:02:45 AM"
,"2/14/2026, 12:02:47 AM",mandelbrot,1,f1a93366-d1af-4730-9deb-b5f5e8448d03,f5607635-cabe-4e5b-bed7-8eb9c61cb403,ad3b2c71-b667-4537-9e7d-a82889921718,old-stock-consulting,old-stock-consulting-project,container,default,             Searching for package file structure from directories with         ,"2/14/2026, 12:02:45 AM"
,"2/14/2026, 12:02:47 AM",mandelbrot,1,f1a93366-d1af-4730-9deb-b5f5e8448d03,f5607635-cabe-4e5b-bed7-8eb9c61cb403,ad3b2c71-b667-4537-9e7d-a82889921718,old-stock-consulting,old-stock-consulting-project,container,default, ,"2/14/2026, 12:02:45 AM"
,"2/14/2026, 12:02:47 AM",mandelbrot,1,f1a93366-d1af-4730-9deb-b5f5e8448d03,f5607635-cabe-4e5b-bed7-8eb9c61cb403,ad3b2c71-b667-4537-9e7d-a82889921718,old-stock-consulting,old-stock-consulting-project,container,default,   FastAPI   Starting production server 🚀,"2/14/2026, 12:02:45 AM"
,"2/14/2026, 12:02:41 AM",mandelbrot,1,f1a93366-d1af-4730-9deb-b5f5e8448d03,f5607635-cabe-4e5b-bed7-8eb9c61cb403,ad3b2c71-b667-4537-9e7d-a82889921718,old-stock-consulting,old-stock-consulting-project,container,default,ModuleNotFoundError: No module named 'mandelbrot',"2/14/2026, 12:02:40 AM"
,"2/14/2026, 12:02:41 AM",mandelbrot,1,f1a93366-d1af-4730-9deb-b5f5e8448d03,f5607635-cabe-4e5b-bed7-8eb9c61cb403,ad3b2c71-b667-4537-9e7d-a82889921718,old-stock-consulting,old-stock-consulting-project,container,default,╰──────────────────────────────────────────────────────────────────────────────╯,"2/14/2026, 12:02:40 AM"
,"2/14/2026, 12:02:41 AM",mandelbrot,1,f1a93366-d1af-4730-9deb-b5f5e8448d03,f5607635-cabe-4e5b-bed7-8eb9c61cb403,ad3b2c71-b667-4537-9e7d-a82889921718,old-stock-consulting,old-stock-consulting-project,container,default,│     7 from fastapi.responses import RedirectResponse                         │,"2/14/2026, 12:02:40 AM"
,"2/14/2026, 12:02:41 AM",mandelbrot,1,f1a93366-d1af-4730-9deb-b5f5e8448d03,f5607635-cabe-4e5b-bed7-8eb9c61cb403,ad3b2c71-b667-4537-9e7d-a82889921718,old-stock-consulting,old-stock-consulting-project,container,default,"│     6 from fastapi import FastAPI, status                                    │","2/14/2026, 12:02:40 AM"
,"2/14/2026, 12:02:41 AM",mandelbrot,1,f1a93366-d1af-4730-9deb-b5f5e8448d03,f5607635-cabe-4e5b-bed7-8eb9c61cb403,ad3b2c71-b667-4537-9e7d-a82889921718,old-stock-consulting,old-stock-consulting-project,container,default,│     5 import uvicorn                                                         │,"2/14/2026, 12:02:40 AM"
,"2/14/2026, 12:02:41 AM",mandelbrot,1,f1a93366-d1af-4730-9deb-b5f5e8448d03,f5607635-cabe-4e5b-bed7-8eb9c61cb403,ad3b2c71-b667-4537-9e7d-a82889921718,old-stock-consulting,old-stock-consulting-project,container,default,│ ❱   4 import mandelbrot                                                      │,"2/14/2026, 12:02:40 AM"
,"2/14/2026, 12:02:41 AM",mandelbrot,1,f1a93366-d1af-4730-9deb-b5f5e8448d03,f5607635-cabe-4e5b-bed7-8eb9c61cb403,ad3b2c71-b667-4537-9e7d-a82889921718,old-stock-consulting,old-stock-consulting-project,container,default,│     3 import logging                                                         │,"2/14/2026, 12:02:40 AM"
,"2/14/2026, 12:02:41 AM",mandelbrot,1,f1a93366-d1af-4730-9deb-b5f5e8448d03,f5607635-cabe-4e5b-bed7-8eb9c61cb403,ad3b2c71-b667-4537-9e7d-a82889921718,old-stock-consulting,old-stock-consulting-project,container,default,│     2 import base64                                                          │,"2/14/2026, 12:02:40 AM"
,"2/14/2026, 12:02:41 AM",mandelbrot,1,f1a93366-d1af-4730-9deb-b5f5e8448d03,f5607635-cabe-4e5b-bed7-8eb9c61cb403,ad3b2c71-b667-4537-9e7d-a82889921718,old-stock-consulting,old-stock-consulting-project,container,default,│     1 import asyncio                                                         │,"2/14/2026, 12:02:40 AM"
,"2/14/2026, 12:02:41 AM",mandelbrot,1,f1a93366-d1af-4730-9deb-b5f5e8448d03,f5607635-cabe-4e5b-bed7-8eb9c61cb403,ad3b2c71-b667-4537-9e7d-a82889921718,old-stock-consulting,old-stock-consulting-project,container,default,│                                                                              │,"2/14/2026, 12:02:40 AM"
,"2/14/2026, 12:02:41 AM",mandelbrot,1,f1a93366-d1af-4730-9deb-b5f5e8448d03,f5607635-cabe-4e5b-bed7-8eb9c61cb403,ad3b2c71-b667-4537-9e7d-a82889921718,old-stock-consulting,old-stock-consulting-project,container,default,│ /app/main.py:4 in <module>                                                   │,"2/14/2026, 12:02:40 AM"
,"2/14/2026, 12:02:41 AM",mandelbrot,1,f1a93366-d1af-4730-9deb-b5f5e8448d03,f5607635-cabe-4e5b-bed7-8eb9c61cb403,ad3b2c71-b667-4537-9e7d-a82889921718,old-stock-consulting,old-stock-consulting-project,container,default,│                                                                              │,"2/14/2026, 12:02:40 AM"
,"2/14/2026, 12:02:41 AM",mandelbrot,1,f1a93366-d1af-4730-9deb-b5f5e8448d03,f5607635-cabe-4e5b-bed7-8eb9c61cb403,ad3b2c71-b667-4537-9e7d-a82889921718,old-stock-consulting,old-stock-consulting-project,container,default,│ in _call_with_frames_removed:488                                             │,"2/14/2026, 12:02:40 AM"
,"2/14/2026, 12:02:41 AM",mandelbrot,1,f1a93366-d1af-4730-9deb-b5f5e8448d03,f5607635-cabe-4e5b-bed7-8eb9c61cb403,ad3b2c71-b667-4537-9e7d-a82889921718,old-stock-consulting,old-stock-consulting-project,container,default,│ in exec_module:1026                                                          │,"2/14/2026, 12:02:40 AM"
,"2/14/2026, 12:02:41 AM",mandelbrot,1,f1a93366-d1af-4730-9deb-b5f5e8448d03,f5607635-cabe-4e5b-bed7-8eb9c61cb403,ad3b2c71-b667-4537-9e7d-a82889921718,old-stock-consulting,old-stock-consulting-project,container,default,│ in _load_unlocked:935                                                        │,"2/14/2026, 12:02:40 AM"
,"2/14/2026, 12:02:41 AM",mandelbrot,1,f1a93366-d1af-4730-9deb-b5f5e8448d03,f5607635-cabe-4e5b-bed7-8eb9c61cb403,ad3b2c71-b667-4537-9e7d-a82889921718,old-stock-consulting,old-stock-consulting-project,container,default,│ in _find_and_load_unlocked:1331                                              │,"2/14/2026, 12:02:40 AM"
,"2/14/2026, 12:02:41 AM",mandelbrot,1,f1a93366-d1af-4730-9deb-b5f5e8448d03,f5607635-cabe-4e5b-bed7-8eb9c61cb403,ad3b2c71-b667-4537-9e7d-a82889921718,old-stock-consulting,old-stock-consulting-project,container,default,│ in _find_and_load:1360                                                       │,"2/14/2026, 12:02:40 AM"
,"2/14/2026, 12:02:41 AM",mandelbrot,1,f1a93366-d1af-4730-9deb-b5f5e8448d03,f5607635-cabe-4e5b-bed7-8eb9c61cb403,ad3b2c71-b667-4537-9e7d-a82889921718,old-stock-consulting,old-stock-consulting-project,container,default,│ in _gcd_import:1387                                                          │,"2/14/2026, 12:02:40 AM"
,"2/14/2026, 12:02:41 AM",mandelbrot,1,f1a93366-d1af-4730-9deb-b5f5e8448d03,f5607635-cabe-4e5b-bed7-8eb9c61cb403,ad3b2c71-b667-4537-9e7d-a82889921718,old-stock-consulting,old-stock-consulting-project,container,default,│    91 _RELOADING = {}                                                        │,"2/14/2026, 12:02:40 AM"
,"2/14/2026, 12:02:41 AM",mandelbrot,1,f1a93366-d1af-4730-9deb-b5f5e8448d03,f5607635-cabe-4e5b-bed7-8eb9c61cb403,ad3b2c71-b667-4537-9e7d-a82889921718,old-stock-consulting,old-stock-consulting-project,container,default,│    90                                                                        │,"2/14/2026, 12:02:40 AM"
,"2/14/2026, 12:02:41 AM",mandelbrot,1,f1a93366-d1af-4730-9deb-b5f5e8448d03,f5607635-cabe-4e5b-bed7-8eb9c61cb403,ad3b2c71-b667-4537-9e7d-a82889921718,old-stock-consulting,old-stock-consulting-project,container,default,│    89                                                                        │,"2/14/2026, 12:02:40 AM"
,"2/14/2026, 12:02:41 AM",mandelbrot,1,f1a93366-d1af-4730-9deb-b5f5e8448d03,f5607635-cabe-4e5b-bed7-8eb9c61cb403,ad3b2c71-b667-4537-9e7d-a82889921718,old-stock-consulting,old-stock-consulting-project,container,default,"│ ❱  88 │   return _bootstrap._gcd_import(name[level:], package, level)        │","2/14/2026, 12:02:40 AM"
,"2/14/2026, 12:02:41 AM",mandelbrot,1,f1a93366-d1af-4730-9deb-b5f5e8448d03,f5607635-cabe-4e5b-bed7-8eb9c61cb403,ad3b2c71-b667-4537-9e7d-a82889921718,old-stock-consulting,old-stock-consulting-project,container,default,│    87 │   │   │   level += 1                                                 │,"2/14/2026, 12:02:40 AM"
,"2/14/2026, 12:02:41 AM",mandelbrot,1,f1a93366-d1af-4730-9deb-b5f5e8448d03,f5607635-cabe-4e5b-bed7-8eb9c61cb403,ad3b2c71-b667-4537-9e7d-a82889921718,old-stock-consulting,old-stock-consulting-project,container,default,│    86 │   │   │   │   break                                                  │,"2/14/2026, 12:02:40 AM"
,"2/14/2026, 12:02:41 AM",mandelbrot,1,f1a93366-d1af-4730-9deb-b5f5e8448d03,f5607635-cabe-4e5b-bed7-8eb9c61cb403,ad3b2c71-b667-4537-9e7d-a82889921718,old-stock-consulting,old-stock-consulting-project,container,default,│    85 │   │   │   if character != '.':                                       │,"2/14/2026, 12:02:40 AM"
,"2/14/2026, 12:02:41 AM",mandelbrot,1,f1a93366-d1af-4730-9deb-b5f5e8448d03,f5607635-cabe-4e5b-bed7-8eb9c61cb403,ad3b2c71-b667-4537-9e7d-a82889921718,old-stock-consulting,old-stock-consulting-project,container,default,│                                                                              │,"2/14/2026, 12:02:40 AM"
,"2/14/2026, 12:02:41 AM",mandelbrot,1,f1a93366-d1af-4730-9deb-b5f5e8448d03,f5607635-cabe-4e5b-bed7-8eb9c61cb403,ad3b2c71-b667-4537-9e7d-a82889921718,old-stock-consulting,old-stock-consulting-project,container,default,│ /usr/local/lib/python3.13/importlib/__init__.py:88 in import_module          │,"2/14/2026, 12:02:40 AM"
,"2/14/2026, 12:02:41 AM",mandelbrot,1,f1a93366-d1af-4730-9deb-b5f5e8448d03,f5607635-cabe-4e5b-bed7-8eb9c61cb403,ad3b2c71-b667-4537-9e7d-a82889921718,old-stock-consulting,old-stock-consulting-project,container,default,│                                                                              │,"2/14/2026, 12:02:40 AM"
,"2/14/2026, 12:02:41 AM",mandelbrot,1,f1a93366-d1af-4730-9deb-b5f5e8448d03,f5607635-cabe-4e5b-bed7-8eb9c61cb403,ad3b2c71-b667-4537-9e7d-a82889921718,old-stock-consulting,old-stock-consulting-project,container,default,│    73 │   │   logger.warning(                                                │,"2/14/2026, 12:02:40 AM"
,"2/14/2026, 12:02:41 AM",mandelbrot,1,f1a93366-d1af-4730-9deb-b5f5e8448d03,f5607635-cabe-4e5b-bed7-8eb9c61cb403,ad3b2c71-b667-4537-9e7d-a82889921718,old-stock-consulting,old-stock-consulting-project,container,default,"│    72 │   │   logger.error(f""Import error: {e}"")                             │","2/14/2026, 12:02:40 AM"
,"2/14/2026, 12:02:41 AM",mandelbrot,1,f1a93366-d1af-4730-9deb-b5f5e8448d03,f5607635-cabe-4e5b-bed7-8eb9c61cb403,ad3b2c71-b667-4537-9e7d-a82889921718,old-stock-consulting,old-stock-consulting-project,container,default,"│    71 │   except (ImportError, ValueError) as e:                             │","2/14/2026, 12:02:40 AM"
,"2/14/2026, 12:02:41 AM",mandelbrot,1,f1a93366-d1af-4730-9deb-b5f5e8448d03,f5607635-cabe-4e5b-bed7-8eb9c61cb403,ad3b2c71-b667-4537-9e7d-a82889921718,old-stock-consulting,old-stock-consulting-project,container,default,│ ❱  70 │   │   mod = importlib.import_module(mod_data.module_import_str)      │,"2/14/2026, 12:02:40 AM"
,"2/14/2026, 12:02:41 AM",mandelbrot,1,f1a93366-d1af-4730-9deb-b5f5e8448d03,f5607635-cabe-4e5b-bed7-8eb9c61cb403,ad3b2c71-b667-4537-9e7d-a82889921718,old-stock-consulting,old-stock-consulting-project,container,default,│    69 │   try:                                                               │,"2/14/2026, 12:02:40 AM"
,"2/14/2026, 12:02:41 AM",mandelbrot,1,f1a93366-d1af-4730-9deb-b5f5e8448d03,f5607635-cabe-4e5b-bed7-8eb9c61cb403,ad3b2c71-b667-4537-9e7d-a82889921718,old-stock-consulting,old-stock-consulting-project,container,default,"│    68 def get_app_name(*, mod_data: ModuleData, app_name: Union[str, None] = │","2/14/2026, 12:02:40 AM"
,"2/14/2026, 12:02:41 AM",mandelbrot,1,f1a93366-d1af-4730-9deb-b5f5e8448d03,f5607635-cabe-4e5b-bed7-8eb9c61cb403,ad3b2c71-b667-4537-9e7d-a82889921718,old-stock-consulting,old-stock-consulting-project,container,default,│    67                                                                        │,"2/14/2026, 12:02:40 AM"
,"2/14/2026, 12:02:41 AM",mandelbrot,1,f1a93366-d1af-4730-9deb-b5f5e8448d03,f5607635-cabe-4e5b-bed7-8eb9c61cb403,ad3b2c71-b667-4537-9e7d-a82889921718,old-stock-consulting,old-stock-consulting-project,container,default,│                                                                              │,"2/14/2026, 12:02:40 AM"
,"2/14/2026, 12:02:41 AM",mandelbrot,1,f1a93366-d1af-4730-9deb-b5f5e8448d03,f5607635-cabe-4e5b-bed7-8eb9c61cb403,ad3b2c71-b667-4537-9e7d-a82889921718,old-stock-consulting,old-stock-consulting-project,container,default,│ get_app_name                                                                 │,"2/14/2026, 12:02:40 AM"
,"2/14/2026, 12:02:41 AM",mandelbrot,1,f1a93366-d1af-4730-9deb-b5f5e8448d03,f5607635-cabe-4e5b-bed7-8eb9c61cb403,ad3b2c71-b667-4537-9e7d-a82889921718,old-stock-consulting,old-stock-consulting-project,container,default,│ /usr/local/lib/python3.13/site-packages/fastapi_cli/discover.py:70 in        │,"2/14/2026, 12:02:40 AM"
,"2/14/2026, 12:02:41 AM",mandelbrot,1,f1a93366-d1af-4730-9deb-b5f5e8448d03,f5607635-cabe-4e5b-bed7-8eb9c61cb403,ad3b2c71-b667-4537-9e7d-a82889921718,old-stock-consulting,old-stock-consulting-project,container,default,│                                                                              │,"2/14/2026, 12:02:40 AM"
,"2/14/2026, 12:02:41 AM",mandelbrot,1,f1a93366-d1af-4730-9deb-b5f5e8448d03,f5607635-cabe-4e5b-bed7-8eb9c61cb403,ad3b2c71-b667-4537-9e7d-a82889921718,old-stock-consulting,old-stock-consulting-project,container,default,│   129                                                                        │,"2/14/2026, 12:02:40 AM"
,"2/14/2026, 12:02:41 AM",mandelbrot,1,f1a93366-d1af-4730-9deb-b5f5e8448d03,f5607635-cabe-4e5b-bed7-8eb9c61cb403,ad3b2c71-b667-4537-9e7d-a82889921718,old-stock-consulting,old-stock-consulting-project,container,default,"│   128 │   import_string = f""{mod_data.module_import_str}:{use_app_name}""     │","2/14/2026, 12:02:40 AM"
,"2/14/2026, 12:02:41 AM",mandelbrot,1,f1a93366-d1af-4730-9deb-b5f5e8448d03,f5607635-cabe-4e5b-bed7-8eb9c61cb403,ad3b2c71-b667-4537-9e7d-a82889921718,old-stock-consulting,old-stock-consulting-project,container,default,│   127 │                                                                      │,"2/14/2026, 12:02:40 AM"
,"2/14/2026, 12:02:41 AM",mandelbrot,1,f1a93366-d1af-4730-9deb-b5f5e8448d03,f5607635-cabe-4e5b-bed7-8eb9c61cb403,ad3b2c71-b667-4537-9e7d-a82889921718,old-stock-consulting,old-stock-consulting-project,container,default,"│ ❱ 126 │   use_app_name = get_app_name(mod_data=mod_data, app_name=app_name)  │","2/14/2026, 12:02:40 AM"
,"2/14/2026, 12:02:41 AM",mandelbrot,1,f1a93366-d1af-4730-9deb-b5f5e8448d03,f5607635-cabe-4e5b-bed7-8eb9c61cb403,ad3b2c71-b667-4537-9e7d-a82889921718,old-stock-consulting,old-stock-consulting-project,container,default,"│   125 │   sys.path.insert(0, str(mod_data.extra_sys_path))                   │","2/14/2026, 12:02:40 AM"
,"2/14/2026, 12:02:41 AM",mandelbrot,1,f1a93366-d1af-4730-9deb-b5f5e8448d03,f5607635-cabe-4e5b-bed7-8eb9c61cb403,ad3b2c71-b667-4537-9e7d-a82889921718,old-stock-consulting,old-stock-consulting-project,container,default,│   124 │   mod_data = get_module_data_from_path(path)                         │,"2/14/2026, 12:02:40 AM"
,"2/14/2026, 12:02:41 AM",mandelbrot,1,f1a93366-d1af-4730-9deb-b5f5e8448d03,f5607635-cabe-4e5b-bed7-8eb9c61cb403,ad3b2c71-b667-4537-9e7d-a82889921718,old-stock-consulting,old-stock-consulting-project,container,default,"│   123 │   │   raise FastAPICLIException(f""Path does not exist {path}"")       │","2/14/2026, 12:02:40 AM"
,"2/14/2026, 12:02:41 AM",mandelbrot,1,f1a93366-d1af-4730-9deb-b5f5e8448d03,f5607635-cabe-4e5b-bed7-8eb9c61cb403,ad3b2c71-b667-4537-9e7d-a82889921718,old-stock-consulting,old-stock-consulting-project,container,default,│                                                                              │,"2/14/2026, 12:02:40 AM"
,"2/14/2026, 12:02:41 AM",mandelbrot,1,f1a93366-d1af-4730-9deb-b5f5e8448d03,f5607635-cabe-4e5b-bed7-8eb9c61cb403,ad3b2c71-b667-4537-9e7d-a82889921718,old-stock-consulting,old-stock-consulting-project,container,default,│ get_import_data                                                              │,"2/14/2026, 12:02:40 AM"
,"2/14/2026, 12:02:41 AM",mandelbrot,1,f1a93366-d1af-4730-9deb-b5f5e8448d03,f5607635-cabe-4e5b-bed7-8eb9c61cb403,ad3b2c71-b667-4537-9e7d-a82889921718,old-stock-consulting,old-stock-consulting-project,container,default,│ /usr/local/lib/python3.13/site-packages/fastapi_cli/discover.py:126 in       │,"2/14/2026, 12:02:40 AM"
,"2/14/2026, 12:02:41 AM",mandelbrot,1,f1a93366-d1af-4730-9deb-b5f5e8448d03,f5607635-cabe-4e5b-bed7-8eb9c61cb403,ad3b2c71-b667-4537-9e7d-a82889921718,old-stock-consulting,old-stock-consulting-project,container,default,│                                                                              │,"2/14/2026, 12:02:40 AM"
,"2/14/2026, 12:02:41 AM",mandelbrot,1,f1a93366-d1af-4730-9deb-b5f5e8448d03,f5607635-cabe-4e5b-bed7-8eb9c61cb403,ad3b2c71-b667-4537-9e7d-a82889921718,old-stock-consulting,old-stock-consulting-project,container,default,│   155 │   │   │   else:                                                      │,"2/14/2026, 12:02:40 AM"
,"2/14/2026, 12:02:41 AM",mandelbrot,1,f1a93366-d1af-4730-9deb-b5f5e8448d03,f5607635-cabe-4e5b-bed7-8eb9c61cb403,ad3b2c71-b667-4537-9e7d-a82889921718,old-stock-consulting,old-stock-consulting-project,container,default,│   154 │   │   │   │   import_data = get_import_data_from_import_string(confi │,"2/14/2026, 12:02:40 AM"
,"2/14/2026, 12:02:41 AM",mandelbrot,1,f1a93366-d1af-4730-9deb-b5f5e8448d03,f5607635-cabe-4e5b-bed7-8eb9c61cb403,ad3b2c71-b667-4537-9e7d-a82889921718,old-stock-consulting,old-stock-consulting-project,container,default,│   153 │   │   │   elif config.entrypoint:                                    │,"2/14/2026, 12:02:40 AM"
,"2/14/2026, 12:02:41 AM",mandelbrot,1,f1a93366-d1af-4730-9deb-b5f5e8448d03,f5607635-cabe-4e5b-bed7-8eb9c61cb403,ad3b2c71-b667-4537-9e7d-a82889921718,old-stock-consulting,old-stock-consulting-project,container,default,"│ ❱ 152 │   │   │   │   import_data = get_import_data(path=path, app_name=app) │","2/14/2026, 12:02:40 AM"
,"2/14/2026, 12:02:41 AM",mandelbrot,1,f1a93366-d1af-4730-9deb-b5f5e8448d03,f5607635-cabe-4e5b-bed7-8eb9c61cb403,ad3b2c71-b667-4537-9e7d-a82889921718,old-stock-consulting,old-stock-consulting-project,container,default,│   151 │   │   │   if path or app:                                            │,"2/14/2026, 12:02:40 AM"
,"2/14/2026, 12:02:41 AM",mandelbrot,1,f1a93366-d1af-4730-9deb-b5f5e8448d03,f5607635-cabe-4e5b-bed7-8eb9c61cb403,ad3b2c71-b667-4537-9e7d-a82889921718,old-stock-consulting,old-stock-consulting-project,container,default,│   150 │   │   │   # Resolve import data with priority: CLI path/app > config │,"2/14/2026, 12:02:40 AM"
,"2/14/2026, 12:02:41 AM",mandelbrot,1,f1a93366-d1af-4730-9deb-b5f5e8448d03,f5607635-cabe-4e5b-bed7-8eb9c61cb403,ad3b2c71-b667-4537-9e7d-a82889921718,old-stock-consulting,old-stock-consulting-project,container,default,│   149 │   │   try:                                                           │,"2/14/2026, 12:02:40 AM"
,"2/14/2026, 12:02:41 AM",mandelbrot,1,f1a93366-d1af-4730-9deb-b5f5e8448d03,f5607635-cabe-4e5b-bed7-8eb9c61cb403,ad3b2c71-b667-4537-9e7d-a82889921718,old-stock-consulting,old-stock-consulting-project,container,default,│                                                                              │,"2/14/2026, 12:02:40 AM"
,"2/14/2026, 12:02:41 AM",mandelbrot,1,f1a93366-d1af-4730-9deb-b5f5e8448d03,f5607635-cabe-4e5b-bed7-8eb9c61cb403,ad3b2c71-b667-4537-9e7d-a82889921718,old-stock-consulting,old-stock-consulting-project,container,default,│ /usr/local/lib/python3.13/site-packages/fastapi_cli/cli.py:152 in _run       │,"2/14/2026, 12:02:40 AM"
,"2/14/2026, 12:02:41 AM",mandelbrot,1,f1a93366-d1af-4730-9deb-b5f5e8448d03,f5607635-cabe-4e5b-bed7-8eb9c61cb403,ad3b2c71-b667-4537-9e7d-a82889921718,old-stock-consulting,old-stock-consulting-project,container,default,│                                                                              │,"2/14/2026, 12:02:40 AM"
,"2/14/2026, 12:02:41 AM",mandelbrot,1,f1a93366-d1af-4730-9deb-b5f5e8448d03,f5607635-cabe-4e5b-bed7-8eb9c61cb403,ad3b2c71-b667-4537-9e7d-a82889921718,old-stock-consulting,old-stock-consulting-project,container,default,"│   438 │   │   port=port,                                                     │","2/14/2026, 12:02:40 AM"
,"2/14/2026, 12:02:41 AM",mandelbrot,1,f1a93366-d1af-4730-9deb-b5f5e8448d03,f5607635-cabe-4e5b-bed7-8eb9c61cb403,ad3b2c71-b667-4537-9e7d-a82889921718,old-stock-consulting,old-stock-consulting-project,container,default,"│   437 │   │   host=host,                                                     │","2/14/2026, 12:02:40 AM"
,"2/14/2026, 12:02:41 AM",mandelbrot,1,f1a93366-d1af-4730-9deb-b5f5e8448d03,f5607635-cabe-4e5b-bed7-8eb9c61cb403,ad3b2c71-b667-4537-9e7d-a82889921718,old-stock-consulting,old-stock-consulting-project,container,default,"│   436 │   │   path=path,                                                     │","2/14/2026, 12:02:40 AM"
,"2/14/2026, 12:02:41 AM",mandelbrot,1,f1a93366-d1af-4730-9deb-b5f5e8448d03,f5607635-cabe-4e5b-bed7-8eb9c61cb403,ad3b2c71-b667-4537-9e7d-a82889921718,old-stock-consulting,old-stock-consulting-project,container,default,│ ❱ 435 │   _run(                                                              │,"2/14/2026, 12:02:40 AM"
,"2/14/2026, 12:02:41 AM",mandelbrot,1,f1a93366-d1af-4730-9deb-b5f5e8448d03,f5607635-cabe-4e5b-bed7-8eb9c61cb403,ad3b2c71-b667-4537-9e7d-a82889921718,old-stock-consulting,old-stock-consulting-project,container,default,"│   434 │   """"""                                                                │","2/14/2026, 12:02:40 AM"
,"2/14/2026, 12:02:41 AM",mandelbrot,1,f1a93366-d1af-4730-9deb-b5f5e8448d03,f5607635-cabe-4e5b-bed7-8eb9c61cb403,ad3b2c71-b667-4537-9e7d-a82889921718,old-stock-consulting,old-stock-consulting-project,container,default,"│   433 │   Otherwise, it uses the first [bold]FastAPI[/bold] app found in the │","2/14/2026, 12:02:40 AM"
,"2/14/2026, 12:02:41 AM",mandelbrot,1,f1a93366-d1af-4730-9deb-b5f5e8448d03,f5607635-cabe-4e5b-bed7-8eb9c61cb403,ad3b2c71-b667-4537-9e7d-a82889921718,old-stock-consulting,old-stock-consulting-project,container,default,│   432 │                                                                      │,"2/14/2026, 12:02:40 AM"
,"2/14/2026, 12:02:41 AM",mandelbrot,1,f1a93366-d1af-4730-9deb-b5f5e8448d03,f5607635-cabe-4e5b-bed7-8eb9c61cb403,ad3b2c71-b667-4537-9e7d-a82889921718,old-stock-consulting,old-stock-consulting-project,container,default,│                                                                              │,"2/14/2026, 12:02:40 AM"
,"2/14/2026, 12:02:41 AM",mandelbrot,1,f1a93366-d1af-4730-9deb-b5f5e8448d03,f5607635-cabe-4e5b-bed7-8eb9c61cb403,ad3b2c71-b667-4537-9e7d-a82889921718,old-stock-consulting,old-stock-consulting-project,container,default,│ /usr/local/lib/python3.13/site-packages/fastapi_cli/cli.py:435 in run        │,"2/14/2026, 12:02:40 AM"
,"2/14/2026, 12:02:41 AM",mandelbrot,1,f1a93366-d1af-4730-9deb-b5f5e8448d03,f5607635-cabe-4e5b-bed7-8eb9c61cb403,ad3b2c71-b667-4537-9e7d-a82889921718,old-stock-consulting,old-stock-consulting-project,container,default,╭───────────────────── Traceback (most recent call last) ──────────────────────╮,"2/14/2026, 12:02:40 AM"
,"2/14/2026, 12:02:41 AM",mandelbrot,1,f1a93366-d1af-4730-9deb-b5f5e8448d03,f5607635-cabe-4e5b-bed7-8eb9c61cb403,ad3b2c71-b667-4537-9e7d-a82889921718,old-stock-consulting,old-stock-consulting-project,container,default,,"2/14/2026, 12:02:40 AM"
,"2/14/2026, 12:02:41 AM",mandelbrot,1,f1a93366-d1af-4730-9deb-b5f5e8448d03,f5607635-cabe-4e5b-bed7-8eb9c61cb403,ad3b2c71-b667-4537-9e7d-a82889921718,old-stock-consulting,old-stock-consulting-project,container,default,WARNING  Ensure all the package directories have an __init__.py file            ,"2/14/2026, 12:02:40 AM"
,"2/14/2026, 12:02:41 AM",mandelbrot,1,f1a93366-d1af-4730-9deb-b5f5e8448d03,f5607635-cabe-4e5b-bed7-8eb9c61cb403,ad3b2c71-b667-4537-9e7d-a82889921718,old-stock-consulting,old-stock-consulting-project,container,default,ERROR    Import error: No module named 'mandelbrot'                             ,"2/14/2026, 12:02:40 AM"